trial_id,map,agent_count,instance_idx,gap_eligible,failure_class,nominal_min_clearance_m,actual_min_clearance_m,clearance_loss_m,tracking_position_rmse_m,tracking_max_error_m
calm_instances_dense_3_idx0,instances_dense,3,0,True,ELIGIBLE_EXECUTION_SAFE,0.014689990149740803,0.0167901191606961,-0.0021001290109552984,0.0031498064569526595,0.01730057497328001
calm_instances_connected_room_3_idx0,instances_connected_room,3,0,True,ELIGIBLE_EXECUTION_SAFE,0.00840020859729726,0.017188024977953714,-0.008787816380656455,0.006773870110664562,0.03478231709402764
calm_instances_simple_3_idx0,instances_simple,3,0,True,ELIGIBLE_EXECUTION_SAFE,0.024229648852440708,0.024954611327286144,-0.0007249624748454364,0.004652235406109152,0.02693257618951929
calm_instances_dense_9_idx0,instances_dense,9,0,False,NOMINAL_STRICT_GEOMETRY_FAILURE,-0.0038883898918012083,-0.030933881249970707,0.0270454913581695,0.02590684545223414,0.07640585938388132
calm_instances_connected_room_6_idx0,instances_connected_room,6,0,False,NOMINAL_STRICT_GEOMETRY_FAILURE,-0.0018513228914478763,-0.021451056454083045,0.01959973356263517,0.0181832981986559,0.06498334125246337
calm_instances_dense_6_idx0,instances_dense,6,0,False,NOMINAL_STRICT_GEOMETRY_FAILURE,-0.004315020701379221,-0.01905327015916225,0.014738249457783029,0.021291880251966173,0.06673085053744549
calm_instances_simple_9_idx0,instances_simple,9,0,False,NOMINAL_STRICT_GEOMETRY_FAILURE,-0.004895864831381061,-0.01628065775497875,0.011384792923597689,0.024686534752814772,0.08024406209313294
calm_instances_simple_6_idx0,instances_simple,6,0,False,NOMINAL_STRICT_GEOMETRY_FAILURE,-0.00516820397432613,-0.01333206826567701,0.00816386429135088,0.016293113722860655,0.045829295493423364
calm_instances_connected_room_9_idx0,instances_connected_room,9,0,False,NOMINAL_STRICT_GEOMETRY_FAILURE,-0.0021795886055856195,-0.007992509638966278,0.005812921033380658,0.02051574611929759,0.06138886649085603
