trial_id,phase,git_head,config_hash,source_paths_sha256,map,instance_idx,agent_count,disturbance_id,external_force_world_n,controller_hash,dynamics_hash,reference_hash,official_planning_success,nominal_safe,dynamic_feasible,gap_eligible,execution_safe,nominal_min_clearance_m,actual_min_clearance_m,clearance_loss_m,tracking_position_rmse_m,tracking_max_error_m,max_reference_speed_mps,max_reference_acceleration_mps2,p99_reference_acceleration_mps2,max_required_thrust_ratio,max_required_tilt_deg,max_actual_tilt_deg,rotor_saturation_fraction,nominal_closest_approach_time_s,actual_closest_approach_time_s,collision_type,agent_agent_collision,agent_obstacle_collision,runtime_s,failure_class
calm_instances_simple_3_idx0_D0_CALM,calm_discovery,637af3fafd88784de9406921f35ecf92dabb07b0,97440F483FE8928E95F028CB0BF29F296ACF0BC6838060FFEE468CB5D65988CC,76024E724A2F51E4891B6EEC602E2DA060DEAD504AC23BC5C89D6F9020BB53FB,instances_simple,0,3,D0_CALM,"[0.0, 0.0, 0.0]",A3BA0282A203FA442EC06EB93BAE6CE2882B91A8173C65CFC41C07D6210D92C8,9BEB75ED8A2BC00840B813DCF17F4613A5630C742DE5A348CB6AFC974CE7DBAC,0C51602C854B52F77A8148A507C260AA2131876F5FA8E31766AF04D1676C254B,True,True,True,True,True,0.024229648852440708,0.024954611327286144,-0.0007249624748454364,0.004652235406109152,0.02693257618951929,0.4548079169080577,11.398280335936331,4.588104193585213,0.6813235342782609,49.28286509834608,27.692595762720078,0.0,1.358,1.214,none,False,False,0.9935719000000001,ELIGIBLE_EXECUTION_SAFE
calm_instances_simple_6_idx0_D0_CALM,calm_discovery,637af3fafd88784de9406921f35ecf92dabb07b0,97440F483FE8928E95F028CB0BF29F296ACF0BC6838060FFEE468CB5D65988CC,5CDE01820AFDC003E6B142234360889C03FE4B72FCC5B2AA0149D8615FD6FAEB,instances_simple,0,6,D0_CALM,"[0.0, 0.0, 0.0]",A3BA0282A203FA442EC06EB93BAE6CE2882B91A8173C65CFC41C07D6210D92C8,9BEB75ED8A2BC00840B813DCF17F4613A5630C742DE5A348CB6AFC974CE7DBAC,0C51602C854B52F77A8148A507C260AA2131876F5FA8E31766AF04D1676C254B,True,False,False,False,False,-0.00516820397432613,-0.01333206826567701,0.00816386429135088,0.016293113722860655,0.045829295493423364,0.6959533724899073,22.977369643837605,8.66327566940604,1.1319020108907087,66.88033732968195,49.00082513661603,0.0,0.8160000000000001,0.6980000000000001,agent-obstacle,False,True,1.9193762,NOMINAL_STRICT_GEOMETRY_FAILURE
calm_instances_simple_9_idx0_D0_CALM,calm_discovery,637af3fafd88784de9406921f35ecf92dabb07b0,97440F483FE8928E95F028CB0BF29F296ACF0BC6838060FFEE468CB5D65988CC,0356055F250D78ED0F927B48252F324164884D710635243E317840580146C449,instances_simple,0,9,D0_CALM,"[0.0, 0.0, 0.0]",A3BA0282A203FA442EC06EB93BAE6CE2882B91A8173C65CFC41C07D6210D92C8,9BEB75ED8A2BC00840B813DCF17F4613A5630C742DE5A348CB6AFC974CE7DBAC,0C51602C854B52F77A8148A507C260AA2131876F5FA8E31766AF04D1676C254B,True,False,False,False,False,-0.004895864831381061,-0.01628065775497875,0.011384792923597689,0.024686534752814772,0.08024406209313294,0.8533324322830061,32.76943668925063,12.512615528467807,1.5497255131673535,73.33417629808184,63.540672327338925,0.00011106668443733618,2.404,1.412,agent-obstacle,True,True,2.8375608000000003,NOMINAL_STRICT_GEOMETRY_FAILURE
calm_instances_dense_3_idx0_D0_CALM,calm_discovery,637af3fafd88784de9406921f35ecf92dabb07b0,97440F483FE8928E95F028CB0BF29F296ACF0BC6838060FFEE468CB5D65988CC,0838D68A193A61D5C81C56BDC79B1BDFFD2BDCD3DEB4856ED38D8164611CC83F,instances_dense,0,3,D0_CALM,"[0.0, 0.0, 0.0]",A3BA0282A203FA442EC06EB93BAE6CE2882B91A8173C65CFC41C07D6210D92C8,9BEB75ED8A2BC00840B813DCF17F4613A5630C742DE5A348CB6AFC974CE7DBAC,0C51602C854B52F77A8148A507C260AA2131876F5FA8E31766AF04D1676C254B,True,True,True,True,True,0.014689990149740803,0.0167901191606961,-0.0021001290109552984,0.0031498064569526595,0.01730057497328001,0.5582134517487088,8.136161676399773,3.221648801117414,0.5774121397872775,39.671439091734115,22.791906828657062,0.0,0.9540000000000001,1.02,none,False,False,1.0077426000000003,ELIGIBLE_EXECUTION_SAFE
calm_instances_dense_6_idx0_D0_CALM,calm_discovery,637af3fafd88784de9406921f35ecf92dabb07b0,97440F483FE8928E95F028CB0BF29F296ACF0BC6838060FFEE468CB5D65988CC,987A02E9F649BF65BAF15B482EB449B187C8BB43B1D69C1A905209C001DF90A0,instances_dense,0,6,D0_CALM,"[0.0, 0.0, 0.0]",A3BA0282A203FA442EC06EB93BAE6CE2882B91A8173C65CFC41C07D6210D92C8,9BEB75ED8A2BC00840B813DCF17F4613A5630C742DE5A348CB6AFC974CE7DBAC,0C51602C854B52F77A8148A507C260AA2131876F5FA8E31766AF04D1676C254B,True,False,False,False,False,-0.004315020701379221,-0.01905327015916225,0.014738249457783029,0.021291880251966173,0.06673085053744549,0.8533602508373966,33.2444470342408,11.814183915741202,1.5703541069638225,73.55936178513112,52.82107218260023,0.0,0.718,4.298,agent-obstacle,True,True,2.5534579000000006,NOMINAL_STRICT_GEOMETRY_FAILURE
calm_instances_dense_9_idx0_D0_CALM,calm_discovery,637af3fafd88784de9406921f35ecf92dabb07b0,97440F483FE8928E95F028CB0BF29F296ACF0BC6838060FFEE468CB5D65988CC,0CEB8562E06A179E8E378DB52479F275D438AC58F7A9223EC0422A746B956F40,instances_dense,0,9,D0_CALM,"[0.0, 0.0, 0.0]",A3BA0282A203FA442EC06EB93BAE6CE2882B91A8173C65CFC41C07D6210D92C8,9BEB75ED8A2BC00840B813DCF17F4613A5630C742DE5A348CB6AFC974CE7DBAC,0C51602C854B52F77A8148A507C260AA2131876F5FA8E31766AF04D1676C254B,True,False,False,False,False,-0.0038883898918012083,-0.030933881249970707,0.0270454913581695,0.02590684545223414,0.07640585938388132,0.8533335059121476,34.91034606600478,14.150888618160895,1.642881073819029,74.30434378681161,62.10142636393148,0.0003887333955306766,0.808,2.548,agent-obstacle,False,True,3.7857433999999994,NOMINAL_STRICT_GEOMETRY_FAILURE
calm_instances_connected_room_3_idx0_D0_CALM,calm_discovery,637af3fafd88784de9406921f35ecf92dabb07b0,97440F483FE8928E95F028CB0BF29F296ACF0BC6838060FFEE468CB5D65988CC,32D5CCA77654E17582E6FE359C92F3F5B394D64E45002469415C1CB004E38E3C,instances_connected_room,0,3,D0_CALM,"[0.0, 0.0, 0.0]",A3BA0282A203FA442EC06EB93BAE6CE2882B91A8173C65CFC41C07D6210D92C8,9BEB75ED8A2BC00840B813DCF17F4613A5630C742DE5A348CB6AFC974CE7DBAC,0C51602C854B52F77A8148A507C260AA2131876F5FA8E31766AF04D1676C254B,True,True,True,True,True,0.00840020859729726,0.017188024977953714,-0.008787816380656455,0.006773870110664562,0.03478231709402764,0.6547113804944794,15.09570703151483,5.007887706626607,0.8156409563383855,56.982028394380905,33.37123156553709,0.0,1.59,1.6260000000000001,none,False,False,1.3262099000000003,ELIGIBLE_EXECUTION_SAFE
calm_instances_connected_room_6_idx0_D0_CALM,calm_discovery,637af3fafd88784de9406921f35ecf92dabb07b0,97440F483FE8928E95F028CB0BF29F296ACF0BC6838060FFEE468CB5D65988CC,68C350812778DC19D5762F5056905D205C3FD4494392379F8264B883263B66AC,instances_connected_room,0,6,D0_CALM,"[0.0, 0.0, 0.0]",A3BA0282A203FA442EC06EB93BAE6CE2882B91A8173C65CFC41C07D6210D92C8,9BEB75ED8A2BC00840B813DCF17F4613A5630C742DE5A348CB6AFC974CE7DBAC,0C51602C854B52F77A8148A507C260AA2131876F5FA8E31766AF04D1676C254B,True,False,False,False,False,-0.0018513228914478763,-0.021451056454083045,0.01959973356263517,0.0181832981986559,0.06498334125246337,0.8533316299448025,32.77124939787236,9.904123091149241,1.5498041887794247,73.3350470310253,45.33235019509296,0.0,1.572,0.524,agent-obstacle,False,True,2.828644999999998,NOMINAL_STRICT_GEOMETRY_FAILURE
calm_instances_connected_room_9_idx0_D0_CALM,calm_discovery,637af3fafd88784de9406921f35ecf92dabb07b0,97440F483FE8928E95F028CB0BF29F296ACF0BC6838060FFEE468CB5D65988CC,F372C53594D40C3B841FBB2A53A55702D89655ECF261624235A0B0EB98E79927,instances_connected_room,0,9,D0_CALM,"[0.0, 0.0, 0.0]",A3BA0282A203FA442EC06EB93BAE6CE2882B91A8173C65CFC41C07D6210D92C8,9BEB75ED8A2BC00840B813DCF17F4613A5630C742DE5A348CB6AFC974CE7DBAC,0C51602C854B52F77A8148A507C260AA2131876F5FA8E31766AF04D1676C254B,True,False,False,False,False,-0.0021795886055856195,-0.007992509638966278,0.005812921033380658,0.02051574611929759,0.06138886649085603,0.8533255361833855,32.93049556734181,11.737222078838695,1.556717219658345,73.41119724911307,48.422255360141655,0.0,4.11,3.3080000000000003,agent-obstacle,False,True,3.7131626000000004,NOMINAL_STRICT_GEOMETRY_FAILURE
calm_instances_empty_3_idx0_D0_CALM,calm_discovery,637af3fafd88784de9406921f35ecf92dabb07b0,97440F483FE8928E95F028CB0BF29F296ACF0BC6838060FFEE468CB5D65988CC,8F22FC3A09D353DBE8DC56D6E65E93A8A45B52C2C8B70F90A520486679BA3659,instances_empty,0,3,D0_CALM,"[0.0, 0.0, 0.0]",A3BA0282A203FA442EC06EB93BAE6CE2882B91A8173C65CFC41C07D6210D92C8,9BEB75ED8A2BC00840B813DCF17F4613A5630C742DE5A348CB6AFC974CE7DBAC,0C51602C854B52F77A8148A507C260AA2131876F5FA8E31766AF04D1676C254B,True,True,True,True,True,0.12875142572988402,0.12795586239064674,0.0007955633392372763,0.002315557739259093,0.009990637461175116,0.29253398874828773,4.370009704651085,2.5326498801941333,0.4865477053085246,24.011289403183653,14.847749043196615,0.0,2.2,2.246,none,False,False,1.353583399999998,ELIGIBLE_EXECUTION_SAFE
calm_instances_empty_6_idx0_D0_CALM,calm_discovery,637af3fafd88784de9406921f35ecf92dabb07b0,97440F483FE8928E95F028CB0BF29F296ACF0BC6838060FFEE468CB5D65988CC,3D6A43D009A2E0E5E1323F176A59686C16A474D10B738FBB958078607F07AD7C,instances_empty,0,6,D0_CALM,"[0.0, 0.0, 0.0]",A3BA0282A203FA442EC06EB93BAE6CE2882B91A8173C65CFC41C07D6210D92C8,9BEB75ED8A2BC00840B813DCF17F4613A5630C742DE5A348CB6AFC974CE7DBAC,0C51602C854B52F77A8148A507C260AA2131876F5FA8E31766AF04D1676C254B,True,True,False,False,False,0.09032109920493567,0.08092125412082682,0.009399845084108849,0.017597294622734173,0.04954553329854655,0.6944723727529312,20.90207811169816,8.170152558813436,1.0460832417444157,64.85786392536707,48.85683280218353,0.0,1.988,1.96,none,False,False,2.7255474999999976,REFERENCE_DYNAMIC_INFEASIBLE
calm_instances_empty_9_idx0_D0_CALM,calm_discovery,637af3fafd88784de9406921f35ecf92dabb07b0,97440F483FE8928E95F028CB0BF29F296ACF0BC6838060FFEE468CB5D65988CC,A9F048EFCF2A9507AC11F4B36A3947B3494E8855B6BEB2C919BA5D7DCF5E13C1,instances_empty,0,9,D0_CALM,"[0.0, 0.0, 0.0]",A3BA0282A203FA442EC06EB93BAE6CE2882B91A8173C65CFC41C07D6210D92C8,9BEB75ED8A2BC00840B813DCF17F4613A5630C742DE5A348CB6AFC974CE7DBAC,0C51602C854B52F77A8148A507C260AA2131876F5FA8E31766AF04D1676C254B,True,False,False,False,False,-0.005322074415761602,-0.014149882714866169,0.008827808299104567,0.02476119729955216,0.06598323008144805,0.8534409264535285,33.659594285693544,13.24935028949746,1.5884023663121312,73.75137602997431,50.84268695909019,5.553334221866809e-05,0.146,0.234,agent-agent,True,False,3.7306266999999984,NOMINAL_STRICT_GEOMETRY_FAILURE
calm_instances_shelf_3_idx0_D0_CALM,calm_discovery,637af3fafd88784de9406921f35ecf92dabb07b0,97440F483FE8928E95F028CB0BF29F296ACF0BC6838060FFEE468CB5D65988CC,E6180E3DD16716F9070B8D532A670BDFC135A8597E56561B99128B2D9AC405A9,instances_shelf,0,3,D0_CALM,"[0.0, 0.0, 0.0]",A3BA0282A203FA442EC06EB93BAE6CE2882B91A8173C65CFC41C07D6210D92C8,9BEB75ED8A2BC00840B813DCF17F4613A5630C742DE5A348CB6AFC974CE7DBAC,0C51602C854B52F77A8148A507C260AA2131876F5FA8E31766AF04D1676C254B,True,True,True,True,True,0.02790577439291611,0.02770894595784809,0.0001968284350680194,0.002500398494082132,0.009471170579794507,0.3303752738884597,5.101750038174639,2.188435764044426,0.5009538191258529,27.476960318685823,13.700027984267333,0.0,1.6440000000000001,1.562,none,False,False,1.482054699999999,ELIGIBLE_EXECUTION_SAFE
calm_instances_shelf_6_idx0_D0_CALM,calm_discovery,637af3fafd88784de9406921f35ecf92dabb07b0,97440F483FE8928E95F028CB0BF29F296ACF0BC6838060FFEE468CB5D65988CC,58C85D07C561080D79FF7DCDB5FAD36AAF7EB5CDA5DED6F2276ED20E1661D2BD,instances_shelf,0,6,D0_CALM,"[0.0, 0.0, 0.0]",A3BA0282A203FA442EC06EB93BAE6CE2882B91A8173C65CFC41C07D6210D92C8,9BEB75ED8A2BC00840B813DCF17F4613A5630C742DE5A348CB6AFC974CE7DBAC,0C51602C854B52F77A8148A507C260AA2131876F5FA8E31766AF04D1676C254B,True,False,False,False,False,-0.11679643548037252,-0.10627111872357384,-0.010525316756798686,0.021240855975198827,0.07972582485926892,0.8533244559042069,33.50361758621784,11.142899639453853,1.5816193025245533,73.67974751517863,46.86988402889243,0.0,3.858,3.872,agent-obstacle,True,True,2.6634873,NOMINAL_STRICT_GEOMETRY_FAILURE
calm_instances_shelf_9_idx0_D0_CALM,calm_discovery,637af3fafd88784de9406921f35ecf92dabb07b0,97440F483FE8928E95F028CB0BF29F296ACF0BC6838060FFEE468CB5D65988CC,24DD29485C10C7CF63BB5998025E2D26D97A625F04EC6CDA038B07D3540A6991,instances_shelf,0,9,D0_CALM,"[0.0, 0.0, 0.0]",A3BA0282A203FA442EC06EB93BAE6CE2882B91A8173C65CFC41C07D6210D92C8,9BEB75ED8A2BC00840B813DCF17F4613A5630C742DE5A348CB6AFC974CE7DBAC,0C51602C854B52F77A8148A507C260AA2131876F5FA8E31766AF04D1676C254B,True,True,False,False,False,0.015148119947844846,0.011832417091436648,0.003315702856408198,0.02170575396449142,0.06624631752578639,0.8533407197455616,32.89241498084467,9.423850900320364,1.5550638550980478,73.39304901938216,50.16619349588668,0.0,2.088,0.872,none,False,False,4.082993899999998,REFERENCE_DYNAMIC_INFEASIBLE
calm_instances_simple_3_idx1_D0_CALM,calm_discovery,637af3fafd88784de9406921f35ecf92dabb07b0,97440F483FE8928E95F028CB0BF29F296ACF0BC6838060FFEE468CB5D65988CC,2214644D85841C91422A45EFB7ADD4E0EE191980970D5F64FAFBD1926C38D448,instances_simple,1,3,D0_CALM,"[0.0, 0.0, 0.0]",A3BA0282A203FA442EC06EB93BAE6CE2882B91A8173C65CFC41C07D6210D92C8,9BEB75ED8A2BC00840B813DCF17F4613A5630C742DE5A348CB6AFC974CE7DBAC,0C51602C854B52F77A8148A507C260AA2131876F5FA8E31766AF04D1676C254B,True,True,True,True,True,0.01279852058404353,0.014414636013124912,-0.0016161154290813828,0.0058982353538881436,0.03224393310014236,0.5318662823778821,11.88020341076314,4.456973443445964,0.6980174310816587,50.45203275186072,31.07760698950268,0.0,1.452,1.412,none,False,False,1.4144110000000012,ELIGIBLE_EXECUTION_SAFE
calm_instances_simple_3_idx2_D0_CALM,calm_discovery,637af3fafd88784de9406921f35ecf92dabb07b0,97440F483FE8928E95F028CB0BF29F296ACF0BC6838060FFEE468CB5D65988CC,CA892C5FCBDE1E5A2B52BF2658DE336A4D6DFDE210B7588053D8EA9792DBFA17,instances_simple,2,3,D0_CALM,"[0.0, 0.0, 0.0]",A3BA0282A203FA442EC06EB93BAE6CE2882B91A8173C65CFC41C07D6210D92C8,9BEB75ED8A2BC00840B813DCF17F4613A5630C742DE5A348CB6AFC974CE7DBAC,0C51602C854B52F77A8148A507C260AA2131876F5FA8E31766AF04D1676C254B,True,True,True,True,True,0.015570696167684875,0.016125581341298004,-0.0005548851736131288,0.0042110704385834325,0.025886521461612983,0.36413361001569194,12.406573302190958,3.922387798746749,0.7165667965120799,51.666229838462776,26.37261060958348,0.0,3.524,3.49,none,False,False,1.437817200000005,ELIGIBLE_EXECUTION_SAFE
calm_instances_simple_3_idx3_D0_CALM,calm_discovery,637af3fafd88784de9406921f35ecf92dabb07b0,97440F483FE8928E95F028CB0BF29F296ACF0BC6838060FFEE468CB5D65988CC,E67652AB3A633D1D3679603A3BE56B3DDE8AFC3765FDC1DEFB313E722DA2BBEF,instances_simple,3,3,D0_CALM,"[0.0, 0.0, 0.0]",A3BA0282A203FA442EC06EB93BAE6CE2882B91A8173C65CFC41C07D6210D92C8,9BEB75ED8A2BC00840B813DCF17F4613A5630C742DE5A348CB6AFC974CE7DBAC,0C51602C854B52F77A8148A507C260AA2131876F5FA8E31766AF04D1676C254B,True,True,True,True,True,0.01911417224536338,0.020197601040572416,-0.001083428795209035,0.002459000799395379,0.010535514012765352,0.2695591814766199,4.73654820300549,2.807529961983251,0.493538179942529,25.772577508920204,15.834868639846714,0.0,3.854,3.844,none,False,False,1.3492655999999954,ELIGIBLE_EXECUTION_SAFE
calm_instances_simple_3_idx4_D0_CALM,calm_discovery,637af3fafd88784de9406921f35ecf92dabb07b0,97440F483FE8928E95F028CB0BF29F296ACF0BC6838060FFEE468CB5D65988CC,136C3623CCCB5191CE572FC747CAAADC351641E0D0EDAB875152D7677C909A29,instances_simple,4,3,D0_CALM,"[0.0, 0.0, 0.0]",A3BA0282A203FA442EC06EB93BAE6CE2882B91A8173C65CFC41C07D6210D92C8,9BEB75ED8A2BC00840B813DCF17F4613A5630C742DE5A348CB6AFC974CE7DBAC,0C51602C854B52F77A8148A507C260AA2131876F5FA8E31766AF04D1676C254B,True,True,True,True,True,0.020593447651070032,0.020273341906338824,0.00032010574473120834,0.0037010317115388856,0.01500523205490896,0.35911264009920885,7.294463106917044,3.828895686869709,0.5538467269311605,36.63354115579825,21.546890511697608,0.0,1.356,1.3980000000000001,none,False,False,1.3143114000000011,ELIGIBLE_EXECUTION_SAFE
calm_instances_empty_3_idx1_D0_CALM,calm_discovery,637af3fafd88784de9406921f35ecf92dabb07b0,97440F483FE8928E95F028CB0BF29F296ACF0BC6838060FFEE468CB5D65988CC,6A9C3D59D2B5A3A45DE43A4D9EBB84A4DD02D56F45F0DEE414346F65F98829FE,instances_empty,1,3,D0_CALM,"[0.0, 0.0, 0.0]",A3BA0282A203FA442EC06EB93BAE6CE2882B91A8173C65CFC41C07D6210D92C8,9BEB75ED8A2BC00840B813DCF17F4613A5630C742DE5A348CB6AFC974CE7DBAC,0C51602C854B52F77A8148A507C260AA2131876F5FA8E31766AF04D1676C254B,True,True,True,True,True,0.28862968581751536,0.28862968581751536,0.0,0.0024629064252485976,0.012010655080383138,0.2578931798353262,4.969459122249304,2.948624067239398,0.49821685623884804,26.86544020143784,17.704351418887924,0.0,0.0,0.0,none,False,False,1.2755050999999966,ELIGIBLE_EXECUTION_SAFE
calm_instances_empty_3_idx2_D0_CALM,calm_discovery,637af3fafd88784de9406921f35ecf92dabb07b0,97440F483FE8928E95F028CB0BF29F296ACF0BC6838060FFEE468CB5D65988CC,4003E1B16F666711145AFF19A361968C6670AE04697610BEAEADCB41F0C70104,instances_empty,2,3,D0_CALM,"[0.0, 0.0, 0.0]",A3BA0282A203FA442EC06EB93BAE6CE2882B91A8173C65CFC41C07D6210D92C8,9BEB75ED8A2BC00840B813DCF17F4613A5630C742DE5A348CB6AFC974CE7DBAC,0C51602C854B52F77A8148A507C260AA2131876F5FA8E31766AF04D1676C254B,True,True,True,True,True,0.1107582824324973,0.11504289492096575,-0.004284612488468453,0.0024322962668652842,0.010056266333792951,0.27473587684797685,5.390883596614177,2.7938349988762083,0.5071308949151813,28.790089186468897,16.13871074184204,0.0,1.012,0.904,none,False,False,1.4233102999999971,ELIGIBLE_EXECUTION_SAFE
calm_instances_empty_3_idx3_D0_CALM,calm_discovery,637af3fafd88784de9406921f35ecf92dabb07b0,97440F483FE8928E95F028CB0BF29F296ACF0BC6838060FFEE468CB5D65988CC,634D6818D1A948491EA3E7DBFCB709E5E1E88B30A75547C96FF959E1F9C75442,instances_empty,3,3,D0_CALM,"[0.0, 0.0, 0.0]",A3BA0282A203FA442EC06EB93BAE6CE2882B91A8173C65CFC41C07D6210D92C8,9BEB75ED8A2BC00840B813DCF17F4613A5630C742DE5A348CB6AFC974CE7DBAC,0C51602C854B52F77A8148A507C260AA2131876F5FA8E31766AF04D1676C254B,True,True,True,True,True,0.16219525122724202,0.16286262359412443,-0.0006673723668824127,0.0024436036414611853,0.010418985442405573,0.24935419206883525,5.066359528243045,2.8403140462669074,0.5002160572438612,27.314022959249503,16.692634224149682,0.0,3.5100000000000002,3.48,none,False,False,1.4278515000000027,ELIGIBLE_EXECUTION_SAFE
calm_instances_empty_3_idx4_D0_CALM,calm_discovery,637af3fafd88784de9406921f35ecf92dabb07b0,97440F483FE8928E95F028CB0BF29F296ACF0BC6838060FFEE468CB5D65988CC,03A6395B8FD86D045ADDC6C8F172D2560B0CADC6A9A1C1569F943C355A56822C,instances_empty,4,3,D0_CALM,"[0.0, 0.0, 0.0]",A3BA0282A203FA442EC06EB93BAE6CE2882B91A8173C65CFC41C07D6210D92C8,9BEB75ED8A2BC00840B813DCF17F4613A5630C742DE5A348CB6AFC974CE7DBAC,0C51602C854B52F77A8148A507C260AA2131876F5FA8E31766AF04D1676C254B,True,True,True,True,True,0.1499185505403861,0.1507872384271475,-0.0008686878867613934,0.0023671652849737417,0.010515093516490123,0.26595568219195814,5.228973899094788,2.6578494364497502,0.503639201412589,28.05872506976358,16.984614419457518,0.0,2.032,2.07,none,False,False,1.2377377000000038,ELIGIBLE_EXECUTION_SAFE
calm_instances_dense_3_idx1_D0_CALM,calm_discovery,637af3fafd88784de9406921f35ecf92dabb07b0,97440F483FE8928E95F028CB0BF29F296ACF0BC6838060FFEE468CB5D65988CC,F992837CE2E6EAB51E7DDB580209731D95DDDF49743BE27882F97375B075002B,instances_dense,1,3,D0_CALM,"[0.0, 0.0, 0.0]",A3BA0282A203FA442EC06EB93BAE6CE2882B91A8173C65CFC41C07D6210D92C8,9BEB75ED8A2BC00840B813DCF17F4613A5630C742DE5A348CB6AFC974CE7DBAC,0C51602C854B52F77A8148A507C260AA2131876F5FA8E31766AF04D1676C254B,True,False,True,False,False,-0.004128394105980773,-0.005679712559869904,0.0015513184538891306,0.005650139221940831,0.0319645193865281,0.6953885237316221,8.981953730642713,4.094154330403245,0.6025965221591052,42.47695811658225,33.22670854161835,0.0,1.61,1.6560000000000001,agent-obstacle,False,True,1.418144500000004,NOMINAL_STRICT_GEOMETRY_FAILURE
calm_instances_dense_3_idx2_D0_CALM,calm_discovery,637af3fafd88784de9406921f35ecf92dabb07b0,97440F483FE8928E95F028CB0BF29F296ACF0BC6838060FFEE468CB5D65988CC,FF97C981FD3A5F2D3ABDD8FAA5668A9E1CFA73E49CF3FDB05D3BFA084D903309,instances_dense,2,3,D0_CALM,"[0.0, 0.0, 0.0]",A3BA0282A203FA442EC06EB93BAE6CE2882B91A8173C65CFC41C07D6210D92C8,9BEB75ED8A2BC00840B813DCF17F4613A5630C742DE5A348CB6AFC974CE7DBAC,0C51602C854B52F77A8148A507C260AA2131876F5FA8E31766AF04D1676C254B,True,True,True,True,True,0.009638154388620687,0.01312915635913485,-0.0034910019705141626,0.005500120672377907,0.03614630471110802,0.6955828512033262,9.047744863418632,4.413047588740362,0.6046133554406379,42.685288471042945,37.525955011082715,0.0,2.188,2.218,none,False,False,1.5069090999999943,ELIGIBLE_EXECUTION_SAFE
calm_instances_dense_3_idx3_D0_CALM,calm_discovery,637af3fafd88784de9406921f35ecf92dabb07b0,97440F483FE8928E95F028CB0BF29F296ACF0BC6838060FFEE468CB5D65988CC,80538387B8FC0376E2F4545434928F4F54CDFA41440BD6A5F40BE7D093627A3C,instances_dense,3,3,D0_CALM,"[0.0, 0.0, 0.0]",A3BA0282A203FA442EC06EB93BAE6CE2882B91A8173C65CFC41C07D6210D92C8,9BEB75ED8A2BC00840B813DCF17F4613A5630C742DE5A348CB6AFC974CE7DBAC,0C51602C854B52F77A8148A507C260AA2131876F5FA8E31766AF04D1676C254B,True,True,True,True,False,0.013143740617442431,-0.00796914347909046,0.02111288409653289,0.005709420291246796,0.02750350902161965,0.7138192770712349,13.809651783642591,6.107425565325603,0.7674427289169935,54.611052330379636,30.698657568167597,0.0,1.994,2.076,agent-obstacle,False,True,1.278213700000002,ELIGIBLE_EXECUTION_UNSAFE
calm_instances_dense_3_idx4_D0_CALM,calm_discovery,637af3fafd88784de9406921f35ecf92dabb07b0,97440F483FE8928E95F028CB0BF29F296ACF0BC6838060FFEE468CB5D65988CC,501288925047BFFAA722569115A4F21236DE32AEDEEDF32E54C65577EDDE6473,instances_dense,4,3,D0_CALM,"[0.0, 0.0, 0.0]",A3BA0282A203FA442EC06EB93BAE6CE2882B91A8173C65CFC41C07D6210D92C8,9BEB75ED8A2BC00840B813DCF17F4613A5630C742DE5A348CB6AFC974CE7DBAC,0C51602C854B52F77A8148A507C260AA2131876F5FA8E31766AF04D1676C254B,True,True,True,True,True,0.01245339789921232,0.014076490098033634,-0.0016230921988213132,0.005100211563364212,0.019188957316762414,0.49310214403773533,10.998500868812904,4.987796564661538,0.6677001988124539,48.26896108061025,27.53799242529634,0.0,4.132,4.194,none,False,False,1.436047000000002,ELIGIBLE_EXECUTION_SAFE
calm_instances_connected_room_3_idx1_D0_CALM,calm_discovery,637af3fafd88784de9406921f35ecf92dabb07b0,97440F483FE8928E95F028CB0BF29F296ACF0BC6838060FFEE468CB5D65988CC,883A4AABA2E0AD06C4B1A87B2DC7AF00D662AE19E1D3481D8A0FB2131B99C97C,instances_connected_room,1,3,D0_CALM,"[0.0, 0.0, 0.0]",A3BA0282A203FA442EC06EB93BAE6CE2882B91A8173C65CFC41C07D6210D92C8,9BEB75ED8A2BC00840B813DCF17F4613A5630C742DE5A348CB6AFC974CE7DBAC,0C51602C854B52F77A8148A507C260AA2131876F5FA8E31766AF04D1676C254B,True,True,True,True,True,0.008061742462690508,0.017360983414946157,-0.00929924095225565,0.004816204166813109,0.018044739500775876,0.6468482590083331,12.801184320465413,4.678728095858141,0.7306745997648312,52.53577827202317,25.964683950273862,0.0,3.714,2.894,none,False,False,1.3541693000000024,ELIGIBLE_EXECUTION_SAFE
calm_instances_connected_room_3_idx2_D0_CALM,calm_discovery,637af3fafd88784de9406921f35ecf92dabb07b0,97440F483FE8928E95F028CB0BF29F296ACF0BC6838060FFEE468CB5D65988CC,9A19B88C76EE44568FD44FCD5F10C23DE0B6C36F4476A8A6B44F20A039B58D19,instances_connected_room,2,3,D0_CALM,"[0.0, 0.0, 0.0]",A3BA0282A203FA442EC06EB93BAE6CE2882B91A8173C65CFC41C07D6210D92C8,9BEB75ED8A2BC00840B813DCF17F4613A5630C742DE5A348CB6AFC974CE7DBAC,0C51602C854B52F77A8148A507C260AA2131876F5FA8E31766AF04D1676C254B,True,True,True,True,True,0.015559673089442755,0.01871306123430924,-0.003153388144866487,0.006286500122006238,0.032315084911912456,0.6617858007388923,9.764255863234402,4.760771322995339,0.627075630448184,44.8661026390397,30.936460815294705,0.0,2.348,2.076,none,False,False,1.4010843000000008,ELIGIBLE_EXECUTION_SAFE
calm_instances_connected_room_3_idx3_D0_CALM,calm_discovery,637af3fafd88784de9406921f35ecf92dabb07b0,97440F483FE8928E95F028CB0BF29F296ACF0BC6838060FFEE468CB5D65988CC,3569A65E41CA66396C97E39B47FC1033917DBE7BAB7E2895AEFE77EF94ED7362,instances_connected_room,3,3,D0_CALM,"[0.0, 0.0, 0.0]",A3BA0282A203FA442EC06EB93BAE6CE2882B91A8173C65CFC41C07D6210D92C8,9BEB75ED8A2BC00840B813DCF17F4613A5630C742DE5A348CB6AFC974CE7DBAC,0C51602C854B52F77A8148A507C260AA2131876F5FA8E31766AF04D1676C254B,True,True,True,True,True,0.01506512904043708,0.016939526000921884,-0.0018743969604848032,0.006009739426088761,0.02282436060796171,0.6513918903738055,12.816206129157692,6.395615931662184,0.7312149054224654,52.56821535507445,26.188675049313044,0.0,1.342,1.824,none,False,False,1.4118283999999974,ELIGIBLE_EXECUTION_SAFE
calm_instances_connected_room_3_idx4_D0_CALM,calm_discovery,637af3fafd88784de9406921f35ecf92dabb07b0,97440F483FE8928E95F028CB0BF29F296ACF0BC6838060FFEE468CB5D65988CC,F6BC7017241C8CD7E1B05617919C3058D5E556CF215A2ACC55609790189EC593,instances_connected_room,4,3,D0_CALM,"[0.0, 0.0, 0.0]",A3BA0282A203FA442EC06EB93BAE6CE2882B91A8173C65CFC41C07D6210D92C8,9BEB75ED8A2BC00840B813DCF17F4613A5630C742DE5A348CB6AFC974CE7DBAC,0C51602C854B52F77A8148A507C260AA2131876F5FA8E31766AF04D1676C254B,True,False,True,False,False,-0.0021396841979504366,0.005271344537959605,-0.007411028735910041,0.008318013837877697,0.035791260220116604,0.6492869718225401,15.056065655014848,6.443299332583288,0.8141356307252524,56.913156562837585,38.658398606814885,0.0,1.746,1.206,none,False,False,1.3461948999999933,NOMINAL_STRICT_GEOMETRY_FAILURE
calm_instances_shelf_3_idx1_D0_CALM,calm_discovery,637af3fafd88784de9406921f35ecf92dabb07b0,97440F483FE8928E95F028CB0BF29F296ACF0BC6838060FFEE468CB5D65988CC,6D30DD9ED8CB51E8B80D55DEF0322118755A6F19A8B5310D39FB82B7E77F880D,instances_shelf,1,3,D0_CALM,"[0.0, 0.0, 0.0]",A3BA0282A203FA442EC06EB93BAE6CE2882B91A8173C65CFC41C07D6210D92C8,9BEB75ED8A2BC00840B813DCF17F4613A5630C742DE5A348CB6AFC974CE7DBAC,0C51602C854B52F77A8148A507C260AA2131876F5FA8E31766AF04D1676C254B,True,True,True,True,True,0.028203997248983453,0.029342388168558192,-0.0011383909195747388,0.0019548593283357663,0.010133479415833938,0.2771863704666941,4.716471757202286,2.182267383416197,0.49314337976160266,25.677411543700565,16.209859392940704,0.0,2.35,2.414,none,False,False,1.4657868999999977,ELIGIBLE_EXECUTION_SAFE
calm_instances_shelf_3_idx2_D0_CALM,calm_discovery,637af3fafd88784de9406921f35ecf92dabb07b0,97440F483FE8928E95F028CB0BF29F296ACF0BC6838060FFEE468CB5D65988CC,EC4702C3F1BD7285A77D770D6989752BE2558ED078AFE886B8543A930DED7FB9,instances_shelf,2,3,D0_CALM,"[0.0, 0.0, 0.0]",A3BA0282A203FA442EC06EB93BAE6CE2882B91A8173C65CFC41C07D6210D92C8,9BEB75ED8A2BC00840B813DCF17F4613A5630C742DE5A348CB6AFC974CE7DBAC,0C51602C854B52F77A8148A507C260AA2131876F5FA8E31766AF04D1676C254B,True,True,True,True,True,0.022852336421104874,0.023367015311454714,-0.00051467889034984,0.002187024083296542,0.00997195551090508,0.2555163492986754,4.457791028965514,2.4559329375561774,0.48817951123584724,24.437662455785862,14.888714801765039,0.0,2.312,2.316,none,False,False,1.301099800000003,ELIGIBLE_EXECUTION_SAFE
calm_instances_shelf_3_idx3_D0_CALM,calm_discovery,637af3fafd88784de9406921f35ecf92dabb07b0,97440F483FE8928E95F028CB0BF29F296ACF0BC6838060FFEE468CB5D65988CC,0AE249D1DDA11A6CDDBB6A4992C6DF238729F7DEC3AFA229DD41A5AD7B399D6F,instances_shelf,3,3,D0_CALM,"[0.0, 0.0, 0.0]",A3BA0282A203FA442EC06EB93BAE6CE2882B91A8173C65CFC41C07D6210D92C8,9BEB75ED8A2BC00840B813DCF17F4613A5630C742DE5A348CB6AFC974CE7DBAC,0C51602C854B52F77A8148A507C260AA2131876F5FA8E31766AF04D1676C254B,True,True,True,True,True,0.029464375169961504,0.02928348174535192,0.00018089342460958502,0.0024762154497271595,0.01404503994098347,0.25838373958779703,8.773128440754258,2.925439867053064,0.5962484816296653,41.80641348676433,18.50468316190682,0.0,1.872,1.942,none,False,False,1.4523008999999973,ELIGIBLE_EXECUTION_SAFE
calm_instances_shelf_3_idx4_D0_CALM,calm_discovery,637af3fafd88784de9406921f35ecf92dabb07b0,97440F483FE8928E95F028CB0BF29F296ACF0BC6838060FFEE468CB5D65988CC,6A801C0E9D728BA85672A4E01879F5EBF80B98253C962404F2FBA8060C12075E,instances_shelf,4,3,D0_CALM,"[0.0, 0.0, 0.0]",A3BA0282A203FA442EC06EB93BAE6CE2882B91A8173C65CFC41C07D6210D92C8,9BEB75ED8A2BC00840B813DCF17F4613A5630C742DE5A348CB6AFC974CE7DBAC,0C51602C854B52F77A8148A507C260AA2131876F5FA8E31766AF04D1676C254B,True,True,True,True,True,0.023560114174684038,0.02537977462837862,-0.0018196604536945826,0.0028586750910182517,0.010523351921419158,0.36519724076591714,7.102009479169662,2.694820412631722,0.5486886643572656,35.90288864633114,16.918296212165895,0.0,1.8,2.334,none,False,False,1.2295275999999973,ELIGIBLE_EXECUTION_SAFE
confirmation_instances_dense_3_idx5_D0_CALM,prospective_confirmation,637af3fafd88784de9406921f35ecf92dabb07b0,97440F483FE8928E95F028CB0BF29F296ACF0BC6838060FFEE468CB5D65988CC,8951078C28AD584188CC12C1A2EE25B25269E687A280A638887F52FECD82048A,instances_dense,5,3,D0_CALM,"[0.0, 0.0, 0.0]",A3BA0282A203FA442EC06EB93BAE6CE2882B91A8173C65CFC41C07D6210D92C8,9BEB75ED8A2BC00840B813DCF17F4613A5630C742DE5A348CB6AFC974CE7DBAC,0C51602C854B52F77A8148A507C260AA2131876F5FA8E31766AF04D1676C254B,True,False,True,False,False,-0.0040688030586968765,0.0008000202847509158,-0.004868823343447792,0.008377344306101809,0.03494258124154145,0.7172882693190334,12.488032986065617,6.134226334816834,0.7194653463411536,51.84852094484209,36.1663687766329,0.0,3.392,3.422,none,False,False,1.4716225999999892,NOMINAL_STRICT_GEOMETRY_FAILURE
confirmation_instances_dense_3_idx6_D0_CALM,prospective_confirmation,637af3fafd88784de9406921f35ecf92dabb07b0,97440F483FE8928E95F028CB0BF29F296ACF0BC6838060FFEE468CB5D65988CC,4B9414AF861FE595AE88AF19203DDA30E8EB6AA4533EB119A4FABF80CE7694CE,instances_dense,6,3,D0_CALM,"[0.0, 0.0, 0.0]",A3BA0282A203FA442EC06EB93BAE6CE2882B91A8173C65CFC41C07D6210D92C8,9BEB75ED8A2BC00840B813DCF17F4613A5630C742DE5A348CB6AFC974CE7DBAC,0C51602C854B52F77A8148A507C260AA2131876F5FA8E31766AF04D1676C254B,True,True,True,True,True,0.020670969364167666,0.02095733194059024,-0.0002863625764225747,0.0031104962361463615,0.010567037892329384,0.3652391277411571,6.710076178101329,3.116634751905927,0.5384680684565295,34.37227187032178,16.50718545937953,0.0,2.592,1.078,none,False,False,1.4287551999999977,ELIGIBLE_EXECUTION_SAFE
confirmation_instances_dense_3_idx7_D0_CALM,prospective_confirmation,637af3fafd88784de9406921f35ecf92dabb07b0,97440F483FE8928E95F028CB0BF29F296ACF0BC6838060FFEE468CB5D65988CC,DACE884F9D993895E4BDEA819A14C2D360C0DC9A678A5505BCA8ACC72E2934F2,instances_dense,7,3,D0_CALM,"[0.0, 0.0, 0.0]",A3BA0282A203FA442EC06EB93BAE6CE2882B91A8173C65CFC41C07D6210D92C8,9BEB75ED8A2BC00840B813DCF17F4613A5630C742DE5A348CB6AFC974CE7DBAC,0C51602C854B52F77A8148A507C260AA2131876F5FA8E31766AF04D1676C254B,True,True,True,True,True,0.003091250168176393,0.004639312089279604,-0.001548061921103211,0.006215366120933755,0.03426887509895789,0.557247134062326,10.752973290433976,6.160868898365145,0.6594404091671336,47.62562051996513,27.57219925623462,0.0,1.708,1.814,none,False,False,1.212853299999992,ELIGIBLE_EXECUTION_SAFE
confirmation_instances_dense_3_idx8_D0_CALM,prospective_confirmation,637af3fafd88784de9406921f35ecf92dabb07b0,97440F483FE8928E95F028CB0BF29F296ACF0BC6838060FFEE468CB5D65988CC,9152BBE5673FBA8AD83378F230FC90A933D15E5EFE01842EBA08381B0562F4B9,instances_dense,8,3,D0_CALM,"[0.0, 0.0, 0.0]",A3BA0282A203FA442EC06EB93BAE6CE2882B91A8173C65CFC41C07D6210D92C8,9BEB75ED8A2BC00840B813DCF17F4613A5630C742DE5A348CB6AFC974CE7DBAC,0C51602C854B52F77A8148A507C260AA2131876F5FA8E31766AF04D1676C254B,True,True,True,True,True,0.00397600109689672,0.012639301869834196,-0.008663300772937477,0.005262427979312244,0.026916165952148026,0.6922677556854909,9.617477240406958,4.1234790421550445,0.6224023293140533,44.43222785026455,30.1406570922527,0.0,1.702,1.744,none,False,False,1.4958855,ELIGIBLE_EXECUTION_SAFE
confirmation_instances_dense_3_idx9_D0_CALM,prospective_confirmation,637af3fafd88784de9406921f35ecf92dabb07b0,97440F483FE8928E95F028CB0BF29F296ACF0BC6838060FFEE468CB5D65988CC,2152D8D1161DF92BB9E8054A4F89275853F31AA1F37B131BE6A5D1DE60B36570,instances_dense,9,3,D0_CALM,"[0.0, 0.0, 0.0]",A3BA0282A203FA442EC06EB93BAE6CE2882B91A8173C65CFC41C07D6210D92C8,9BEB75ED8A2BC00840B813DCF17F4613A5630C742DE5A348CB6AFC974CE7DBAC,0C51602C854B52F77A8148A507C260AA2131876F5FA8E31766AF04D1676C254B,True,True,True,True,True,0.016924644291425525,0.017719730237884077,-0.0007950859464585514,0.0036629550588278075,0.01907584735808349,0.4276891520577014,7.382199800196312,3.553428961671713,0.5562276942544573,36.962112761060204,21.479580902983628,0.0,1.8780000000000001,1.92,none,False,False,1.4980410999999947,ELIGIBLE_EXECUTION_SAFE
confirmation_instances_dense_3_idx10_D0_CALM,prospective_confirmation,637af3fafd88784de9406921f35ecf92dabb07b0,97440F483FE8928E95F028CB0BF29F296ACF0BC6838060FFEE468CB5D65988CC,A1BE0DE0065625952E4B3E63BA6EA54D034187199DDEFD3ABA54EF3285EA42EB,instances_dense,10,3,D0_CALM,"[0.0, 0.0, 0.0]",A3BA0282A203FA442EC06EB93BAE6CE2882B91A8173C65CFC41C07D6210D92C8,9BEB75ED8A2BC00840B813DCF17F4613A5630C742DE5A348CB6AFC974CE7DBAC,0C51602C854B52F77A8148A507C260AA2131876F5FA8E31766AF04D1676C254B,True,True,True,True,True,0.01814768258367945,0.01862510607328184,-0.000477423489602391,0.0029863820792311742,0.011647591633676005,0.3132589698559805,7.235976181711718,3.1728093560830195,0.5522697198862822,36.41294007989352,16.615154304055725,0.0,4.276,4.244,none,False,False,1.500488400000009,ELIGIBLE_EXECUTION_SAFE
confirmation_instances_dense_3_idx11_D0_CALM,prospective_confirmation,637af3fafd88784de9406921f35ecf92dabb07b0,97440F483FE8928E95F028CB0BF29F296ACF0BC6838060FFEE468CB5D65988CC,4A9E78E0940978099CF46FE869D2D635E46F881360AA5102960D3AC9149E384F,instances_dense,11,3,D0_CALM,"[0.0, 0.0, 0.0]",A3BA0282A203FA442EC06EB93BAE6CE2882B91A8173C65CFC41C07D6210D92C8,9BEB75ED8A2BC00840B813DCF17F4613A5630C742DE5A348CB6AFC974CE7DBAC,0C51602C854B52F77A8148A507C260AA2131876F5FA8E31766AF04D1676C254B,True,True,True,True,True,0.017068080987814302,0.018743623421424604,-0.0016755424336103025,0.005203691855491852,0.031688686936613066,0.36241174775073454,11.106190528997592,4.913606530605294,0.6713490727050334,48.54612352967574,23.49970777821762,0.0,1.78,1.154,none,False,False,1.4916879000000023,ELIGIBLE_EXECUTION_SAFE
confirmation_instances_dense_3_idx12_D0_CALM,prospective_confirmation,637af3fafd88784de9406921f35ecf92dabb07b0,97440F483FE8928E95F028CB0BF29F296ACF0BC6838060FFEE468CB5D65988CC,AD3466E0E3C54901A00D4D4C97F8B64321518820E0F5C88645ECD5D70666744D,instances_dense,12,3,D0_CALM,"[0.0, 0.0, 0.0]",A3BA0282A203FA442EC06EB93BAE6CE2882B91A8173C65CFC41C07D6210D92C8,9BEB75ED8A2BC00840B813DCF17F4613A5630C742DE5A348CB6AFC974CE7DBAC,0C51602C854B52F77A8148A507C260AA2131876F5FA8E31766AF04D1676C254B,True,True,True,True,True,0.007869517933554213,0.00826786324450983,-0.00039834531095561676,0.004715752748898444,0.03049338600136438,0.6920908856707662,8.065199754110528,3.7537848629141632,0.575365089828635,39.4250134584743,34.22898058614955,0.0,3.404,3.442,none,False,False,1.4035817000000037,ELIGIBLE_EXECUTION_SAFE
confirmation_instances_dense_3_idx13_D0_CALM,prospective_confirmation,637af3fafd88784de9406921f35ecf92dabb07b0,97440F483FE8928E95F028CB0BF29F296ACF0BC6838060FFEE468CB5D65988CC,A3D430102F81B5A5DA7351F5792EB7CEA56645F9B90D2FAC1CBF837B14FEFB8C,instances_dense,13,3,D0_CALM,"[0.0, 0.0, 0.0]",A3BA0282A203FA442EC06EB93BAE6CE2882B91A8173C65CFC41C07D6210D92C8,9BEB75ED8A2BC00840B813DCF17F4613A5630C742DE5A348CB6AFC974CE7DBAC,0C51602C854B52F77A8148A507C260AA2131876F5FA8E31766AF04D1676C254B,True,True,True,True,True,0.009590555800824997,0.007952421563983729,0.0016381342368412682,0.005443748938985152,0.02658191243470008,0.6830047988735989,10.635812414474819,4.535717744412656,0.6555288483351295,47.31293628199121,31.387304143766396,0.0,1.594,1.6440000000000001,none,False,False,1.3444085000000001,ELIGIBLE_EXECUTION_SAFE
confirmation_instances_dense_3_idx14_D0_CALM,prospective_confirmation,637af3fafd88784de9406921f35ecf92dabb07b0,97440F483FE8928E95F028CB0BF29F296ACF0BC6838060FFEE468CB5D65988CC,1697CCFDD5FDB0BD25D3A3EF2FA0CDC0DD614DBE191A11AF46D3D4EA1550EDA3,instances_dense,14,3,D0_CALM,"[0.0, 0.0, 0.0]",A3BA0282A203FA442EC06EB93BAE6CE2882B91A8173C65CFC41C07D6210D92C8,9BEB75ED8A2BC00840B813DCF17F4613A5630C742DE5A348CB6AFC974CE7DBAC,0C51602C854B52F77A8148A507C260AA2131876F5FA8E31766AF04D1676C254B,True,True,True,True,True,0.014657397785529921,0.014305039686384288,0.0003523580991456332,0.004069079512756457,0.023855065193579886,0.6940148223449154,8.491392401264417,4.03277697911912,0.587816721065125,40.87898434750205,32.67464386961873,0.0,0.652,0.6960000000000001,none,False,False,1.4549051000000048,ELIGIBLE_EXECUTION_SAFE
confirmation_instances_dense_3_idx15_D0_CALM,prospective_confirmation,637af3fafd88784de9406921f35ecf92dabb07b0,97440F483FE8928E95F028CB0BF29F296ACF0BC6838060FFEE468CB5D65988CC,D09427DDC670A2A91DD38DFADF2242DBAEB3D55CFFE4457D49160EDC7FC5819F,instances_dense,15,3,D0_CALM,"[0.0, 0.0, 0.0]",A3BA0282A203FA442EC06EB93BAE6CE2882B91A8173C65CFC41C07D6210D92C8,9BEB75ED8A2BC00840B813DCF17F4613A5630C742DE5A348CB6AFC974CE7DBAC,0C51602C854B52F77A8148A507C260AA2131876F5FA8E31766AF04D1676C254B,True,False,True,False,False,-0.0072508820532211846,-0.03676521686948856,0.029514334816267376,0.008162505091830256,0.03900823755521306,0.689859262176208,10.175084718028979,5.505965605572089,0.6403419046057037,46.04655483867806,37.33494947914299,0.0,2.056,2.086,agent-obstacle,False,True,1.4859944999999897,NOMINAL_STRICT_GEOMETRY_FAILURE
confirmation_instances_dense_3_idx16_D0_CALM,prospective_confirmation,637af3fafd88784de9406921f35ecf92dabb07b0,97440F483FE8928E95F028CB0BF29F296ACF0BC6838060FFEE468CB5D65988CC,5302D13BF36D7CD493D3F19C5A251FD9B72EE231E1D083F41738F93B76495C10,instances_dense,16,3,D0_CALM,"[0.0, 0.0, 0.0]",A3BA0282A203FA442EC06EB93BAE6CE2882B91A8173C65CFC41C07D6210D92C8,9BEB75ED8A2BC00840B813DCF17F4613A5630C742DE5A348CB6AFC974CE7DBAC,0C51602C854B52F77A8148A507C260AA2131876F5FA8E31766AF04D1676C254B,True,True,True,True,True,0.019075368275726645,0.02196083490095907,-0.0028854666252324246,0.00460838501314633,0.026369991082172865,0.4122372159129257,11.663933343979005,5.161311287496988,0.690490328689032,49.93434600824002,22.663675826084294,0.0,1.97,3.946,none,False,False,1.3458543999999932,ELIGIBLE_EXECUTION_SAFE
confirmation_instances_dense_3_idx17_D0_CALM,prospective_confirmation,637af3fafd88784de9406921f35ecf92dabb07b0,97440F483FE8928E95F028CB0BF29F296ACF0BC6838060FFEE468CB5D65988CC,4A9745490636623D5AE861B13FEFF20678F886226D24DA3F7D8F2740D6418A8F,instances_dense,17,3,D0_CALM,"[0.0, 0.0, 0.0]",A3BA0282A203FA442EC06EB93BAE6CE2882B91A8173C65CFC41C07D6210D92C8,9BEB75ED8A2BC00840B813DCF17F4613A5630C742DE5A348CB6AFC974CE7DBAC,0C51602C854B52F77A8148A507C260AA2131876F5FA8E31766AF04D1676C254B,True,True,True,True,True,0.01341843013661434,0.01794106939217166,-0.00452263925555732,0.003404048559245853,0.00973062725982935,0.3514730221876118,6.4347358261990335,2.5277750175175737,0.5315251805460521,33.26232595310418,15.448650278970025,0.0,2.63,2.62,none,False,False,1.398286199999987,ELIGIBLE_EXECUTION_SAFE
confirmation_instances_dense_3_idx18_D0_CALM,prospective_confirmation,637af3fafd88784de9406921f35ecf92dabb07b0,97440F483FE8928E95F028CB0BF29F296ACF0BC6838060FFEE468CB5D65988CC,B19D04D622024933F601E239523022E0D35742812AFBC278044EF1C45EB49B70,instances_dense,18,3,D0_CALM,"[0.0, 0.0, 0.0]",A3BA0282A203FA442EC06EB93BAE6CE2882B91A8173C65CFC41C07D6210D92C8,9BEB75ED8A2BC00840B813DCF17F4613A5630C742DE5A348CB6AFC974CE7DBAC,0C51602C854B52F77A8148A507C260AA2131876F5FA8E31766AF04D1676C254B,True,False,True,False,False,-0.002189972804040728,-0.010699168874309599,0.00850919607026887,0.0059916418384969,0.028530086317945846,0.6618193432031422,12.241572870643925,5.0813481843621355,0.7107181468777785,51.29244415387974,27.174326513145665,0.0,2.202,2.278,agent-obstacle,False,True,1.2405775000000006,NOMINAL_STRICT_GEOMETRY_FAILURE
confirmation_instances_dense_3_idx19_D0_CALM,prospective_confirmation,637af3fafd88784de9406921f35ecf92dabb07b0,97440F483FE8928E95F028CB0BF29F296ACF0BC6838060FFEE468CB5D65988CC,E446B860BD4FC46D8315D56F879CF111D0ABFA0354A0855EBCEAEE32BFCBAB81,instances_dense,19,3,D0_CALM,"[0.0, 0.0, 0.0]",A3BA0282A203FA442EC06EB93BAE6CE2882B91A8173C65CFC41C07D6210D92C8,9BEB75ED8A2BC00840B813DCF17F4613A5630C742DE5A348CB6AFC974CE7DBAC,0C51602C854B52F77A8148A507C260AA2131876F5FA8E31766AF04D1676C254B,True,True,True,True,True,0.019846987455224743,0.01905339215991768,0.0007935952953070646,0.0033929791341555404,0.011759804517345367,0.39523978377717317,6.421490138559211,2.853173743729418,0.5311962793105406,33.208202649850946,15.752841797672549,0.0,0.888,0.876,none,False,False,1.4316232999999983,ELIGIBLE_EXECUTION_SAFE
confirmation_instances_dense_3_idx20_D0_CALM,prospective_confirmation,637af3fafd88784de9406921f35ecf92dabb07b0,97440F483FE8928E95F028CB0BF29F296ACF0BC6838060FFEE468CB5D65988CC,4138A6058E0D741631ED99B9FB5690BB53243CDCA26A699C3FB4B718A0E35BC8,instances_dense,20,3,D0_CALM,"[0.0, 0.0, 0.0]",A3BA0282A203FA442EC06EB93BAE6CE2882B91A8173C65CFC41C07D6210D92C8,9BEB75ED8A2BC00840B813DCF17F4613A5630C742DE5A348CB6AFC974CE7DBAC,0C51602C854B52F77A8148A507C260AA2131876F5FA8E31766AF04D1676C254B,True,True,True,True,True,0.021231496799031815,0.021808377275790422,-0.0005768804767586067,0.002841131430730267,0.020586400424184335,0.4666886212951679,18.13763856084524,4.046134777995372,0.9342222918472335,61.592629837222525,24.84919623108944,0.0,2.876,2.824,none,False,False,1.4576782000000037,ELIGIBLE_EXECUTION_SAFE
confirmation_instances_dense_3_idx21_D0_CALM,prospective_confirmation,637af3fafd88784de9406921f35ecf92dabb07b0,97440F483FE8928E95F028CB0BF29F296ACF0BC6838060FFEE468CB5D65988CC,7848BB0EF4B8EE154011FB61673AF75B2D8A12BDD2134D72E17C4C32B9EE6776,instances_dense,21,3,D0_CALM,"[0.0, 0.0, 0.0]",A3BA0282A203FA442EC06EB93BAE6CE2882B91A8173C65CFC41C07D6210D92C8,9BEB75ED8A2BC00840B813DCF17F4613A5630C742DE5A348CB6AFC974CE7DBAC,0C51602C854B52F77A8148A507C260AA2131876F5FA8E31766AF04D1676C254B,True,True,True,True,True,0.00411573829617308,0.006638551393512729,-0.002522813097339649,0.006167732470021697,0.03085441829398071,0.49014177597043546,11.475023592922582,5.5656649155059,0.6839625526397124,49.472860852727145,31.492977741561518,0.0,1.3960000000000001,1.45,none,False,False,1.2615212999999983,ELIGIBLE_EXECUTION_SAFE
confirmation_instances_dense_3_idx22_D0_CALM,prospective_confirmation,637af3fafd88784de9406921f35ecf92dabb07b0,97440F483FE8928E95F028CB0BF29F296ACF0BC6838060FFEE468CB5D65988CC,51EC7B0CA06BA0F6AD43537B8C8C40BB9E46636C88C03AA3A2DAEB683AB1C3CE,instances_dense,22,3,D0_CALM,"[0.0, 0.0, 0.0]",A3BA0282A203FA442EC06EB93BAE6CE2882B91A8173C65CFC41C07D6210D92C8,9BEB75ED8A2BC00840B813DCF17F4613A5630C742DE5A348CB6AFC974CE7DBAC,0C51602C854B52F77A8148A507C260AA2131876F5FA8E31766AF04D1676C254B,True,True,True,True,True,0.00036792091971853125,0.003320364039263682,-0.0029524431195451506,0.008239787187623854,0.03810985841144678,0.6784876797096258,11.623221759988096,6.486300488574,0.6890797815366324,49.8356317932199,31.79008480598504,0.0,2.416,2.486,none,False,False,1.4283552999999927,ELIGIBLE_EXECUTION_SAFE
confirmation_instances_dense_3_idx23_D0_CALM,prospective_confirmation,637af3fafd88784de9406921f35ecf92dabb07b0,97440F483FE8928E95F028CB0BF29F296ACF0BC6838060FFEE468CB5D65988CC,6CECAC313AE0A9AAB98E917E73C11B52BC17487F59D9E89C44233A67113D7D94,instances_dense,23,3,D0_CALM,"[0.0, 0.0, 0.0]",A3BA0282A203FA442EC06EB93BAE6CE2882B91A8173C65CFC41C07D6210D92C8,9BEB75ED8A2BC00840B813DCF17F4613A5630C742DE5A348CB6AFC974CE7DBAC,0C51602C854B52F77A8148A507C260AA2131876F5FA8E31766AF04D1676C254B,True,True,True,True,True,0.016686793290790716,0.02007531272862466,-0.0033885194378339423,0.0034059756218889517,0.014056401888151557,0.41405600589349933,8.192673639174958,3.31646647638673,0.5790499408639327,39.86643607232495,18.83588187835033,0.0,2.386,2.35,none,False,False,1.3457270999999906,ELIGIBLE_EXECUTION_SAFE
confirmation_instances_dense_3_idx24_D0_CALM,prospective_confirmation,637af3fafd88784de9406921f35ecf92dabb07b0,97440F483FE8928E95F028CB0BF29F296ACF0BC6838060FFEE468CB5D65988CC,8BE2EAB1E7F4C70E3E60FC2C7814B2665C1EB49FA8149F5A0EAE5A9E0EBD6034,instances_dense,24,3,D0_CALM,"[0.0, 0.0, 0.0]",A3BA0282A203FA442EC06EB93BAE6CE2882B91A8173C65CFC41C07D6210D92C8,9BEB75ED8A2BC00840B813DCF17F4613A5630C742DE5A348CB6AFC974CE7DBAC,0C51602C854B52F77A8148A507C260AA2131876F5FA8E31766AF04D1676C254B,True,False,True,False,False,-0.003552879722495489,-0.010838068895577244,0.007285189173081755,0.004083691093196864,0.025355793124429746,0.6431251929880037,12.42505916896064,4.255364525242422,0.7172239340421215,51.707726866222664,27.66863721539446,0.0,2.5100000000000002,2.582,agent-obstacle,False,True,1.3540978000000052,NOMINAL_STRICT_GEOMETRY_FAILURE
confirmation_instances_dense_3_idx5_D1_FX_005,prospective_confirmation,637af3fafd88784de9406921f35ecf92dabb07b0,97440F483FE8928E95F028CB0BF29F296ACF0BC6838060FFEE468CB5D65988CC,8951078C28AD584188CC12C1A2EE25B25269E687A280A638887F52FECD82048A,instances_dense,5,3,D1_FX_005,"[0.005, 0.0, 0.0]",A3BA0282A203FA442EC06EB93BAE6CE2882B91A8173C65CFC41C07D6210D92C8,9BEB75ED8A2BC00840B813DCF17F4613A5630C742DE5A348CB6AFC974CE7DBAC,0C51602C854B52F77A8148A507C260AA2131876F5FA8E31766AF04D1676C254B,True,False,True,False,False,-0.0040688030586968765,-0.011053524837303527,0.006984721778606651,0.017690676801317515,0.045775142084872066,0.7172882693190334,12.488032986065617,6.134226334816834,0.7194653463411536,51.84852094484209,36.71010922044721,0.0,3.392,3.408,agent-obstacle,False,True,1.4188660999999883,NOMINAL_STRICT_GEOMETRY_FAILURE
confirmation_instances_dense_3_idx6_D1_FX_005,prospective_confirmation,637af3fafd88784de9406921f35ecf92dabb07b0,97440F483FE8928E95F028CB0BF29F296ACF0BC6838060FFEE468CB5D65988CC,4B9414AF861FE595AE88AF19203DDA30E8EB6AA4533EB119A4FABF80CE7694CE,instances_dense,6,3,D1_FX_005,"[0.005, 0.0, 0.0]",A3BA0282A203FA442EC06EB93BAE6CE2882B91A8173C65CFC41C07D6210D92C8,9BEB75ED8A2BC00840B813DCF17F4613A5630C742DE5A348CB6AFC974CE7DBAC,0C51602C854B52F77A8148A507C260AA2131876F5FA8E31766AF04D1676C254B,True,True,True,True,True,0.020670969364167666,0.011367466264301337,0.009303503099866328,0.014479573503638883,0.025171517204981658,0.3652391277411571,6.710076178101329,3.116634751905927,0.5384680684565295,34.37227187032178,16.705394362741142,0.0,2.592,1.526,none,False,False,1.502452699999992,ELIGIBLE_EXECUTION_SAFE
confirmation_instances_dense_3_idx7_D1_FX_005,prospective_confirmation,637af3fafd88784de9406921f35ecf92dabb07b0,97440F483FE8928E95F028CB0BF29F296ACF0BC6838060FFEE468CB5D65988CC,DACE884F9D993895E4BDEA819A14C2D360C0DC9A678A5505BCA8ACC72E2934F2,instances_dense,7,3,D1_FX_005,"[0.005, 0.0, 0.0]",A3BA0282A203FA442EC06EB93BAE6CE2882B91A8173C65CFC41C07D6210D92C8,9BEB75ED8A2BC00840B813DCF17F4613A5630C742DE5A348CB6AFC974CE7DBAC,0C51602C854B52F77A8148A507C260AA2131876F5FA8E31766AF04D1676C254B,True,True,True,True,False,0.003091250168176393,-0.006675199374542043,0.009766449542718436,0.01571287201810544,0.03347415054217269,0.557247134062326,10.752973290433976,6.160868898365145,0.6594404091671336,47.62562051996513,27.57252521709605,0.0,1.708,1.806,agent-obstacle,False,True,1.5187652000000043,ELIGIBLE_EXECUTION_UNSAFE
confirmation_instances_dense_3_idx8_D1_FX_005,prospective_confirmation,637af3fafd88784de9406921f35ecf92dabb07b0,97440F483FE8928E95F028CB0BF29F296ACF0BC6838060FFEE468CB5D65988CC,9152BBE5673FBA8AD83378F230FC90A933D15E5EFE01842EBA08381B0562F4B9,instances_dense,8,3,D1_FX_005,"[0.005, 0.0, 0.0]",A3BA0282A203FA442EC06EB93BAE6CE2882B91A8173C65CFC41C07D6210D92C8,9BEB75ED8A2BC00840B813DCF17F4613A5630C742DE5A348CB6AFC974CE7DBAC,0C51602C854B52F77A8148A507C260AA2131876F5FA8E31766AF04D1676C254B,True,True,True,True,False,0.00397600109689672,-0.0027106688162776282,0.006686669913174348,0.015531041928847487,0.033054203839554104,0.6922677556854909,9.617477240406958,4.1234790421550445,0.6224023293140533,44.43222785026455,30.098359698743995,0.0,1.702,1.748,agent-obstacle,False,True,1.4488951000000014,ELIGIBLE_EXECUTION_UNSAFE
confirmation_instances_dense_3_idx9_D1_FX_005,prospective_confirmation,637af3fafd88784de9406921f35ecf92dabb07b0,97440F483FE8928E95F028CB0BF29F296ACF0BC6838060FFEE468CB5D65988CC,2152D8D1161DF92BB9E8054A4F89275853F31AA1F37B131BE6A5D1DE60B36570,instances_dense,9,3,D1_FX_005,"[0.005, 0.0, 0.0]",A3BA0282A203FA442EC06EB93BAE6CE2882B91A8173C65CFC41C07D6210D92C8,9BEB75ED8A2BC00840B813DCF17F4613A5630C742DE5A348CB6AFC974CE7DBAC,0C51602C854B52F77A8148A507C260AA2131876F5FA8E31766AF04D1676C254B,True,True,True,True,True,0.016924644291425525,0.014172756292723979,0.0027518879987015465,0.014730804621528572,0.03146265714600882,0.4276891520577014,7.382199800196312,3.553428961671713,0.5562276942544573,36.962112761060204,22.179745168921976,0.0,1.8780000000000001,1.966,none,False,False,1.3642004000000014,ELIGIBLE_EXECUTION_SAFE
confirmation_instances_dense_3_idx10_D1_FX_005,prospective_confirmation,637af3fafd88784de9406921f35ecf92dabb07b0,97440F483FE8928E95F028CB0BF29F296ACF0BC6838060FFEE468CB5D65988CC,A1BE0DE0065625952E4B3E63BA6EA54D034187199DDEFD3ABA54EF3285EA42EB,instances_dense,10,3,D1_FX_005,"[0.005, 0.0, 0.0]",A3BA0282A203FA442EC06EB93BAE6CE2882B91A8173C65CFC41C07D6210D92C8,9BEB75ED8A2BC00840B813DCF17F4613A5630C742DE5A348CB6AFC974CE7DBAC,0C51602C854B52F77A8148A507C260AA2131876F5FA8E31766AF04D1676C254B,True,True,True,True,True,0.01814768258367945,0.007166610099052985,0.010981072484626465,0.0145911972126649,0.023754062624497814,0.3132589698559805,7.235976181711718,3.1728093560830195,0.5522697198862822,36.41294007989352,16.642396222852305,0.0,4.276,3.12,none,False,False,1.4045697999999902,ELIGIBLE_EXECUTION_SAFE
confirmation_instances_dense_3_idx11_D1_FX_005,prospective_confirmation,637af3fafd88784de9406921f35ecf92dabb07b0,97440F483FE8928E95F028CB0BF29F296ACF0BC6838060FFEE468CB5D65988CC,4A9E78E0940978099CF46FE869D2D635E46F881360AA5102960D3AC9149E384F,instances_dense,11,3,D1_FX_005,"[0.005, 0.0, 0.0]",A3BA0282A203FA442EC06EB93BAE6CE2882B91A8173C65CFC41C07D6210D92C8,9BEB75ED8A2BC00840B813DCF17F4613A5630C742DE5A348CB6AFC974CE7DBAC,0C51602C854B52F77A8148A507C260AA2131876F5FA8E31766AF04D1676C254B,True,True,True,True,True,0.017068080987814302,0.003953901253969785,0.013114179733844517,0.016580577061385427,0.04804367172260784,0.36241174775073454,11.106190528997592,4.913606530605294,0.6713490727050334,48.54612352967574,24.41697091487433,0.0,1.78,1.698,none,False,False,1.4951684000000114,ELIGIBLE_EXECUTION_SAFE
confirmation_instances_dense_3_idx12_D1_FX_005,prospective_confirmation,637af3fafd88784de9406921f35ecf92dabb07b0,97440F483FE8928E95F028CB0BF29F296ACF0BC6838060FFEE468CB5D65988CC,AD3466E0E3C54901A00D4D4C97F8B64321518820E0F5C88645ECD5D70666744D,instances_dense,12,3,D1_FX_005,"[0.005, 0.0, 0.0]",A3BA0282A203FA442EC06EB93BAE6CE2882B91A8173C65CFC41C07D6210D92C8,9BEB75ED8A2BC00840B813DCF17F4613A5630C742DE5A348CB6AFC974CE7DBAC,0C51602C854B52F77A8148A507C260AA2131876F5FA8E31766AF04D1676C254B,True,True,True,True,False,0.007869517933554213,-0.002187997930176974,0.010057515863731187,0.014636247593565731,0.03576406446289754,0.6920908856707662,8.065199754110528,3.7537848629141632,0.575365089828635,39.4250134584743,33.393166749659564,0.0,3.404,3.458,agent-obstacle,False,True,1.5003320000000002,ELIGIBLE_EXECUTION_UNSAFE
confirmation_instances_dense_3_idx13_D1_FX_005,prospective_confirmation,637af3fafd88784de9406921f35ecf92dabb07b0,97440F483FE8928E95F028CB0BF29F296ACF0BC6838060FFEE468CB5D65988CC,A3D430102F81B5A5DA7351F5792EB7CEA56645F9B90D2FAC1CBF837B14FEFB8C,instances_dense,13,3,D1_FX_005,"[0.005, 0.0, 0.0]",A3BA0282A203FA442EC06EB93BAE6CE2882B91A8173C65CFC41C07D6210D92C8,9BEB75ED8A2BC00840B813DCF17F4613A5630C742DE5A348CB6AFC974CE7DBAC,0C51602C854B52F77A8148A507C260AA2131876F5FA8E31766AF04D1676C254B,True,True,True,True,False,0.009590555800824997,-0.006145860877083749,0.015736416677908746,0.014893909595425518,0.03480773396164335,0.6830047988735989,10.635812414474819,4.535717744412656,0.6555288483351295,47.31293628199121,31.740718181788445,0.0,1.594,1.6380000000000001,agent-obstacle,False,True,1.5980260999999985,ELIGIBLE_EXECUTION_UNSAFE
confirmation_instances_dense_3_idx14_D1_FX_005,prospective_confirmation,637af3fafd88784de9406921f35ecf92dabb07b0,97440F483FE8928E95F028CB0BF29F296ACF0BC6838060FFEE468CB5D65988CC,1697CCFDD5FDB0BD25D3A3EF2FA0CDC0DD614DBE191A11AF46D3D4EA1550EDA3,instances_dense,14,3,D1_FX_005,"[0.005, 0.0, 0.0]",A3BA0282A203FA442EC06EB93BAE6CE2882B91A8173C65CFC41C07D6210D92C8,9BEB75ED8A2BC00840B813DCF17F4613A5630C742DE5A348CB6AFC974CE7DBAC,0C51602C854B52F77A8148A507C260AA2131876F5FA8E31766AF04D1676C254B,True,True,True,True,True,0.014657397785529921,0.011316671773845391,0.0033407260116845305,0.014720656580385516,0.03539863973025079,0.6940148223449154,8.491392401264417,4.03277697911912,0.587816721065125,40.87898434750205,31.619420545837695,0.0,0.652,0.714,none,False,False,1.4706165999999996,ELIGIBLE_EXECUTION_SAFE
confirmation_instances_dense_3_idx15_D1_FX_005,prospective_confirmation,637af3fafd88784de9406921f35ecf92dabb07b0,97440F483FE8928E95F028CB0BF29F296ACF0BC6838060FFEE468CB5D65988CC,D09427DDC670A2A91DD38DFADF2242DBAEB3D55CFFE4457D49160EDC7FC5819F,instances_dense,15,3,D1_FX_005,"[0.005, 0.0, 0.0]",A3BA0282A203FA442EC06EB93BAE6CE2882B91A8173C65CFC41C07D6210D92C8,9BEB75ED8A2BC00840B813DCF17F4613A5630C742DE5A348CB6AFC974CE7DBAC,0C51602C854B52F77A8148A507C260AA2131876F5FA8E31766AF04D1676C254B,True,False,True,False,False,-0.0072508820532211846,-0.027961025303514096,0.02071014325029291,0.01720744753055401,0.04465609172527639,0.689859262176208,10.175084718028979,5.505965605572089,0.6403419046057037,46.04655483867806,36.391677076563916,0.0,2.056,2.074,agent-obstacle,False,True,1.4380345000000005,NOMINAL_STRICT_GEOMETRY_FAILURE
confirmation_instances_dense_3_idx16_D1_FX_005,prospective_confirmation,637af3fafd88784de9406921f35ecf92dabb07b0,97440F483FE8928E95F028CB0BF29F296ACF0BC6838060FFEE468CB5D65988CC,5302D13BF36D7CD493D3F19C5A251FD9B72EE231E1D083F41738F93B76495C10,instances_dense,16,3,D1_FX_005,"[0.005, 0.0, 0.0]",A3BA0282A203FA442EC06EB93BAE6CE2882B91A8173C65CFC41C07D6210D92C8,9BEB75ED8A2BC00840B813DCF17F4613A5630C742DE5A348CB6AFC974CE7DBAC,0C51602C854B52F77A8148A507C260AA2131876F5FA8E31766AF04D1676C254B,True,True,True,True,True,0.019075368275726645,0.007218725283901578,0.011856642991825067,0.015343278587812228,0.031825492815886786,0.4122372159129257,11.663933343979005,5.161311287496988,0.690490328689032,49.93434600824002,22.53728948238652,0.0,1.97,3.894,none,False,False,1.4660195999999956,ELIGIBLE_EXECUTION_SAFE
confirmation_instances_dense_3_idx17_D1_FX_005,prospective_confirmation,637af3fafd88784de9406921f35ecf92dabb07b0,97440F483FE8928E95F028CB0BF29F296ACF0BC6838060FFEE468CB5D65988CC,4A9745490636623D5AE861B13FEFF20678F886226D24DA3F7D8F2740D6418A8F,instances_dense,17,3,D1_FX_005,"[0.005, 0.0, 0.0]",A3BA0282A203FA442EC06EB93BAE6CE2882B91A8173C65CFC41C07D6210D92C8,9BEB75ED8A2BC00840B813DCF17F4613A5630C742DE5A348CB6AFC974CE7DBAC,0C51602C854B52F77A8148A507C260AA2131876F5FA8E31766AF04D1676C254B,True,True,True,True,True,0.01341843013661434,0.011384542878044662,0.0020338872585696777,0.01487194644948549,0.021621626058973862,0.3514730221876118,6.4347358261990335,2.5277750175175737,0.5315251805460521,33.26232595310418,15.478324613827859,0.0,2.63,2.08,none,False,False,1.5023314999999968,ELIGIBLE_EXECUTION_SAFE
confirmation_instances_dense_3_idx18_D1_FX_005,prospective_confirmation,637af3fafd88784de9406921f35ecf92dabb07b0,97440F483FE8928E95F028CB0BF29F296ACF0BC6838060FFEE468CB5D65988CC,B19D04D622024933F601E239523022E0D35742812AFBC278044EF1C45EB49B70,instances_dense,18,3,D1_FX_005,"[0.005, 0.0, 0.0]",A3BA0282A203FA442EC06EB93BAE6CE2882B91A8173C65CFC41C07D6210D92C8,9BEB75ED8A2BC00840B813DCF17F4613A5630C742DE5A348CB6AFC974CE7DBAC,0C51602C854B52F77A8148A507C260AA2131876F5FA8E31766AF04D1676C254B,True,False,True,False,False,-0.002189972804040728,-0.026351897384914953,0.024161924580874225,0.01669658683106294,0.04104455882069323,0.6618193432031422,12.241572870643925,5.0813481843621355,0.7107181468777785,51.29244415387974,27.888990625803064,0.0,2.202,2.282,agent-obstacle,False,True,1.4800269999999927,NOMINAL_STRICT_GEOMETRY_FAILURE
confirmation_instances_dense_3_idx19_D1_FX_005,prospective_confirmation,637af3fafd88784de9406921f35ecf92dabb07b0,97440F483FE8928E95F028CB0BF29F296ACF0BC6838060FFEE468CB5D65988CC,E446B860BD4FC46D8315D56F879CF111D0ABFA0354A0855EBCEAEE32BFCBAB81,instances_dense,19,3,D1_FX_005,"[0.005, 0.0, 0.0]",A3BA0282A203FA442EC06EB93BAE6CE2882B91A8173C65CFC41C07D6210D92C8,9BEB75ED8A2BC00840B813DCF17F4613A5630C742DE5A348CB6AFC974CE7DBAC,0C51602C854B52F77A8148A507C260AA2131876F5FA8E31766AF04D1676C254B,True,True,True,True,True,0.019846987455224743,0.008111714251824553,0.01173527320340019,0.014577991374346488,0.026002007878631724,0.39523978377717317,6.421490138559211,2.853173743729418,0.5311962793105406,33.208202649850946,15.886843482082346,0.0,0.888,3.102,none,False,False,1.5025365999999991,ELIGIBLE_EXECUTION_SAFE
confirmation_instances_dense_3_idx20_D1_FX_005,prospective_confirmation,637af3fafd88784de9406921f35ecf92dabb07b0,97440F483FE8928E95F028CB0BF29F296ACF0BC6838060FFEE468CB5D65988CC,4138A6058E0D741631ED99B9FB5690BB53243CDCA26A699C3FB4B718A0E35BC8,instances_dense,20,3,D1_FX_005,"[0.005, 0.0, 0.0]",A3BA0282A203FA442EC06EB93BAE6CE2882B91A8173C65CFC41C07D6210D92C8,9BEB75ED8A2BC00840B813DCF17F4613A5630C742DE5A348CB6AFC974CE7DBAC,0C51602C854B52F77A8148A507C260AA2131876F5FA8E31766AF04D1676C254B,True,True,True,True,True,0.021231496799031815,0.006566168927961788,0.014665327871070027,0.014807477149870765,0.033412937227433485,0.4666886212951679,18.13763856084524,4.046134777995372,0.9342222918472335,61.592629837222525,25.53621382078317,0.0,2.876,2.816,none,False,False,1.5036663000000061,ELIGIBLE_EXECUTION_SAFE
confirmation_instances_dense_3_idx21_D1_FX_005,prospective_confirmation,637af3fafd88784de9406921f35ecf92dabb07b0,97440F483FE8928E95F028CB0BF29F296ACF0BC6838060FFEE468CB5D65988CC,7848BB0EF4B8EE154011FB61673AF75B2D8A12BDD2134D72E17C4C32B9EE6776,instances_dense,21,3,D1_FX_005,"[0.005, 0.0, 0.0]",A3BA0282A203FA442EC06EB93BAE6CE2882B91A8173C65CFC41C07D6210D92C8,9BEB75ED8A2BC00840B813DCF17F4613A5630C742DE5A348CB6AFC974CE7DBAC,0C51602C854B52F77A8148A507C260AA2131876F5FA8E31766AF04D1676C254B,True,True,True,True,False,0.00411573829617308,-0.008678044676699748,0.012793782972872828,0.0163491872471228,0.04095899118266938,0.49014177597043546,11.475023592922582,5.5656649155059,0.6839625526397124,49.472860852727145,32.26581739436724,0.0,1.3960000000000001,1.45,agent-obstacle,False,True,1.4731695000000116,ELIGIBLE_EXECUTION_UNSAFE
confirmation_instances_dense_3_idx22_D1_FX_005,prospective_confirmation,637af3fafd88784de9406921f35ecf92dabb07b0,97440F483FE8928E95F028CB0BF29F296ACF0BC6838060FFEE468CB5D65988CC,51EC7B0CA06BA0F6AD43537B8C8C40BB9E46636C88C03AA3A2DAEB683AB1C3CE,instances_dense,22,3,D1_FX_005,"[0.005, 0.0, 0.0]",A3BA0282A203FA442EC06EB93BAE6CE2882B91A8173C65CFC41C07D6210D92C8,9BEB75ED8A2BC00840B813DCF17F4613A5630C742DE5A348CB6AFC974CE7DBAC,0C51602C854B52F77A8148A507C260AA2131876F5FA8E31766AF04D1676C254B,True,True,True,True,False,0.00036792091971853125,-0.012369349971296031,0.012737270891014563,0.015594692786647582,0.036003205736211345,0.6784876797096258,11.623221759988096,6.486300488574,0.6890797815366324,49.8356317932199,30.959413432164688,0.0,2.416,2.488,agent-obstacle,False,True,1.4596366000000103,ELIGIBLE_EXECUTION_UNSAFE
confirmation_instances_dense_3_idx23_D1_FX_005,prospective_confirmation,637af3fafd88784de9406921f35ecf92dabb07b0,97440F483FE8928E95F028CB0BF29F296ACF0BC6838060FFEE468CB5D65988CC,6CECAC313AE0A9AAB98E917E73C11B52BC17487F59D9E89C44233A67113D7D94,instances_dense,23,3,D1_FX_005,"[0.005, 0.0, 0.0]",A3BA0282A203FA442EC06EB93BAE6CE2882B91A8173C65CFC41C07D6210D92C8,9BEB75ED8A2BC00840B813DCF17F4613A5630C742DE5A348CB6AFC974CE7DBAC,0C51602C854B52F77A8148A507C260AA2131876F5FA8E31766AF04D1676C254B,True,True,True,True,True,0.016686793290790716,0.006865303762437033,0.009821489528353683,0.01473966498568415,0.0257351162164397,0.41405600589349933,8.192673639174958,3.31646647638673,0.5790499408639327,39.86643607232495,18.99994116029662,0.0,2.386,1.508,none,False,False,1.4102054000000237,ELIGIBLE_EXECUTION_SAFE
confirmation_instances_dense_3_idx24_D1_FX_005,prospective_confirmation,637af3fafd88784de9406921f35ecf92dabb07b0,97440F483FE8928E95F028CB0BF29F296ACF0BC6838060FFEE468CB5D65988CC,8BE2EAB1E7F4C70E3E60FC2C7814B2665C1EB49FA8149F5A0EAE5A9E0EBD6034,instances_dense,24,3,D1_FX_005,"[0.005, 0.0, 0.0]",A3BA0282A203FA442EC06EB93BAE6CE2882B91A8173C65CFC41C07D6210D92C8,9BEB75ED8A2BC00840B813DCF17F4613A5630C742DE5A348CB6AFC974CE7DBAC,0C51602C854B52F77A8148A507C260AA2131876F5FA8E31766AF04D1676C254B,True,False,True,False,False,-0.003552879722495489,-0.003374663919538501,-0.00017821580295698802,0.014253948415331584,0.02446807907822802,0.6431251929880037,12.42505916896064,4.255364525242422,0.7172239340421215,51.707726866222664,27.10818522494989,0.0,2.5100000000000002,2.572,agent-obstacle,False,True,1.4983847999999966,NOMINAL_STRICT_GEOMETRY_FAILURE
confirmation_instances_dense_3_idx5_D2_FX_010,prospective_confirmation,637af3fafd88784de9406921f35ecf92dabb07b0,97440F483FE8928E95F028CB0BF29F296ACF0BC6838060FFEE468CB5D65988CC,8951078C28AD584188CC12C1A2EE25B25269E687A280A638887F52FECD82048A,instances_dense,5,3,D2_FX_010,"[0.01, 0.0, 0.0]",A3BA0282A203FA442EC06EB93BAE6CE2882B91A8173C65CFC41C07D6210D92C8,9BEB75ED8A2BC00840B813DCF17F4613A5630C742DE5A348CB6AFC974CE7DBAC,0C51602C854B52F77A8148A507C260AA2131876F5FA8E31766AF04D1676C254B,True,False,True,False,False,-0.0040688030586968765,-0.022977066704670868,0.01890826364597399,0.031291309547113344,0.059131590965532166,0.7172882693190334,12.488032986065617,6.134226334816834,0.7194653463411536,51.84852094484209,37.260239787596646,0.0,3.392,3.394,agent-obstacle,False,True,1.5005489000000125,NOMINAL_STRICT_GEOMETRY_FAILURE
confirmation_instances_dense_3_idx6_D2_FX_010,prospective_confirmation,637af3fafd88784de9406921f35ecf92dabb07b0,97440F483FE8928E95F028CB0BF29F296ACF0BC6838060FFEE468CB5D65988CC,4B9414AF861FE595AE88AF19203DDA30E8EB6AA4533EB119A4FABF80CE7694CE,instances_dense,6,3,D2_FX_010,"[0.01, 0.0, 0.0]",A3BA0282A203FA442EC06EB93BAE6CE2882B91A8173C65CFC41C07D6210D92C8,9BEB75ED8A2BC00840B813DCF17F4613A5630C742DE5A348CB6AFC974CE7DBAC,0C51602C854B52F77A8148A507C260AA2131876F5FA8E31766AF04D1676C254B,True,True,True,True,False,0.020670969364167666,-0.0034376682569109973,0.024108637621078663,0.02864277089579113,0.04053747258690875,0.3652391277411571,6.710076178101329,3.116634751905927,0.5384680684565295,34.37227187032178,16.912879823268373,0.0,2.592,1.546,agent-obstacle,False,True,1.4742120000000227,ELIGIBLE_EXECUTION_UNSAFE
confirmation_instances_dense_3_idx7_D2_FX_010,prospective_confirmation,637af3fafd88784de9406921f35ecf92dabb07b0,97440F483FE8928E95F028CB0BF29F296ACF0BC6838060FFEE468CB5D65988CC,DACE884F9D993895E4BDEA819A14C2D360C0DC9A678A5505BCA8ACC72E2934F2,instances_dense,7,3,D2_FX_010,"[0.01, 0.0, 0.0]",A3BA0282A203FA442EC06EB93BAE6CE2882B91A8173C65CFC41C07D6210D92C8,9BEB75ED8A2BC00840B813DCF17F4613A5630C742DE5A348CB6AFC974CE7DBAC,0C51602C854B52F77A8148A507C260AA2131876F5FA8E31766AF04D1676C254B,True,True,True,True,False,0.003091250168176393,-0.017054145938488863,0.020145396106665256,0.02962887404817264,0.050659768759767576,0.557247134062326,10.752973290433976,6.160868898365145,0.6594404091671336,47.62562051996513,27.597264970402456,0.0,1.708,1.798,agent-obstacle,False,True,1.4803317999999877,ELIGIBLE_EXECUTION_UNSAFE
confirmation_instances_dense_3_idx8_D2_FX_010,prospective_confirmation,637af3fafd88784de9406921f35ecf92dabb07b0,97440F483FE8928E95F028CB0BF29F296ACF0BC6838060FFEE468CB5D65988CC,9152BBE5673FBA8AD83378F230FC90A933D15E5EFE01842EBA08381B0562F4B9,instances_dense,8,3,D2_FX_010,"[0.01, 0.0, 0.0]",A3BA0282A203FA442EC06EB93BAE6CE2882B91A8173C65CFC41C07D6210D92C8,9BEB75ED8A2BC00840B813DCF17F4613A5630C742DE5A348CB6AFC974CE7DBAC,0C51602C854B52F77A8148A507C260AA2131876F5FA8E31766AF04D1676C254B,True,True,True,True,False,0.00397600109689672,-0.018084682787750675,0.022060683884647395,0.02952640817455562,0.04571416861810924,0.6922677556854909,9.617477240406958,4.1234790421550445,0.6224023293140533,44.43222785026455,30.08905549997897,0.0,1.702,1.752,agent-obstacle,False,True,1.4487167999999997,ELIGIBLE_EXECUTION_UNSAFE
confirmation_instances_dense_3_idx9_D2_FX_010,prospective_confirmation,637af3fafd88784de9406921f35ecf92dabb07b0,97440F483FE8928E95F028CB0BF29F296ACF0BC6838060FFEE468CB5D65988CC,2152D8D1161DF92BB9E8054A4F89275853F31AA1F37B131BE6A5D1DE60B36570,instances_dense,9,3,D2_FX_010,"[0.01, 0.0, 0.0]",A3BA0282A203FA442EC06EB93BAE6CE2882B91A8173C65CFC41C07D6210D92C8,9BEB75ED8A2BC00840B813DCF17F4613A5630C742DE5A348CB6AFC974CE7DBAC,0C51602C854B52F77A8148A507C260AA2131876F5FA8E31766AF04D1676C254B,True,True,True,True,True,0.016924644291425525,0.009392946406208205,0.00753169788521732,0.028855290407956563,0.045464036755337806,0.4276891520577014,7.382199800196312,3.553428961671713,0.5562276942544573,36.962112761060204,22.89517972659476,0.0,1.8780000000000001,0.784,none,False,False,1.4793744999999774,ELIGIBLE_EXECUTION_SAFE
confirmation_instances_dense_3_idx10_D2_FX_010,prospective_confirmation,637af3fafd88784de9406921f35ecf92dabb07b0,97440F483FE8928E95F028CB0BF29F296ACF0BC6838060FFEE468CB5D65988CC,A1BE0DE0065625952E4B3E63BA6EA54D034187199DDEFD3ABA54EF3285EA42EB,instances_dense,10,3,D2_FX_010,"[0.01, 0.0, 0.0]",A3BA0282A203FA442EC06EB93BAE6CE2882B91A8173C65CFC41C07D6210D92C8,9BEB75ED8A2BC00840B813DCF17F4613A5630C742DE5A348CB6AFC974CE7DBAC,0C51602C854B52F77A8148A507C260AA2131876F5FA8E31766AF04D1676C254B,True,True,True,True,False,0.01814768258367945,-0.008357240547046028,0.02650492313072548,0.028764840009399828,0.039131156390477,0.3132589698559805,7.235976181711718,3.1728093560830195,0.5522697198862822,36.41294007989352,16.677872428381065,0.0,4.276,3.126,agent-obstacle,False,True,1.4873562999999876,ELIGIBLE_EXECUTION_UNSAFE
confirmation_instances_dense_3_idx11_D2_FX_010,prospective_confirmation,637af3fafd88784de9406921f35ecf92dabb07b0,97440F483FE8928E95F028CB0BF29F296ACF0BC6838060FFEE468CB5D65988CC,4A9E78E0940978099CF46FE869D2D635E46F881360AA5102960D3AC9149E384F,instances_dense,11,3,D2_FX_010,"[0.01, 0.0, 0.0]",A3BA0282A203FA442EC06EB93BAE6CE2882B91A8173C65CFC41C07D6210D92C8,9BEB75ED8A2BC00840B813DCF17F4613A5630C742DE5A348CB6AFC974CE7DBAC,0C51602C854B52F77A8148A507C260AA2131876F5FA8E31766AF04D1676C254B,True,True,True,True,False,0.017068080987814302,-0.011127593843345454,0.028195674831159756,0.03067209120245922,0.06449267590552125,0.36241174775073454,11.106190528997592,4.913606530605294,0.6713490727050334,48.54612352967574,25.328974744962423,0.0,1.78,1.682,agent-obstacle,False,True,1.487900400000001,ELIGIBLE_EXECUTION_UNSAFE
confirmation_instances_dense_3_idx12_D2_FX_010,prospective_confirmation,637af3fafd88784de9406921f35ecf92dabb07b0,97440F483FE8928E95F028CB0BF29F296ACF0BC6838060FFEE468CB5D65988CC,AD3466E0E3C54901A00D4D4C97F8B64321518820E0F5C88645ECD5D70666744D,instances_dense,12,3,D2_FX_010,"[0.01, 0.0, 0.0]",A3BA0282A203FA442EC06EB93BAE6CE2882B91A8173C65CFC41C07D6210D92C8,9BEB75ED8A2BC00840B813DCF17F4613A5630C742DE5A348CB6AFC974CE7DBAC,0C51602C854B52F77A8148A507C260AA2131876F5FA8E31766AF04D1676C254B,True,True,True,True,False,0.007869517933554213,-0.012716405429974112,0.020585923363528325,0.02865078404416323,0.05024893560554188,0.6920908856707662,8.065199754110528,3.7537848629141632,0.575365089828635,39.4250134584743,32.55856045241892,0.0,3.404,3.472,agent-obstacle,False,True,1.4923843999999917,ELIGIBLE_EXECUTION_UNSAFE
confirmation_instances_dense_3_idx13_D2_FX_010,prospective_confirmation,637af3fafd88784de9406921f35ecf92dabb07b0,97440F483FE8928E95F028CB0BF29F296ACF0BC6838060FFEE468CB5D65988CC,A3D430102F81B5A5DA7351F5792EB7CEA56645F9B90D2FAC1CBF837B14FEFB8C,instances_dense,13,3,D2_FX_010,"[0.01, 0.0, 0.0]",A3BA0282A203FA442EC06EB93BAE6CE2882B91A8173C65CFC41C07D6210D92C8,9BEB75ED8A2BC00840B813DCF17F4613A5630C742DE5A348CB6AFC974CE7DBAC,0C51602C854B52F77A8148A507C260AA2131876F5FA8E31766AF04D1676C254B,True,True,True,True,False,0.009590555800824997,-0.02011926582660154,0.02970982162742654,0.028822642929495736,0.04861797610734774,0.6830047988735989,10.635812414474819,4.535717744412656,0.6555288483351295,47.31293628199121,32.11839717147567,0.0,1.594,1.6320000000000001,agent-obstacle,False,True,1.364317600000021,ELIGIBLE_EXECUTION_UNSAFE
confirmation_instances_dense_3_idx14_D2_FX_010,prospective_confirmation,637af3fafd88784de9406921f35ecf92dabb07b0,97440F483FE8928E95F028CB0BF29F296ACF0BC6838060FFEE468CB5D65988CC,1697CCFDD5FDB0BD25D3A3EF2FA0CDC0DD614DBE191A11AF46D3D4EA1550EDA3,instances_dense,14,3,D2_FX_010,"[0.01, 0.0, 0.0]",A3BA0282A203FA442EC06EB93BAE6CE2882B91A8173C65CFC41C07D6210D92C8,9BEB75ED8A2BC00840B813DCF17F4613A5630C742DE5A348CB6AFC974CE7DBAC,0C51602C854B52F77A8148A507C260AA2131876F5FA8E31766AF04D1676C254B,True,True,True,True,False,0.014657397785529921,-0.002820050049716971,0.017477447835246893,0.028818074349584482,0.04700876639600096,0.6940148223449154,8.491392401264417,4.03277697911912,0.587816721065125,40.87898434750205,32.34497073978772,0.0,0.652,2.106,agent-obstacle,False,True,1.3802915999999925,ELIGIBLE_EXECUTION_UNSAFE
confirmation_instances_dense_3_idx15_D2_FX_010,prospective_confirmation,637af3fafd88784de9406921f35ecf92dabb07b0,97440F483FE8928E95F028CB0BF29F296ACF0BC6838060FFEE468CB5D65988CC,D09427DDC670A2A91DD38DFADF2242DBAEB3D55CFFE4457D49160EDC7FC5819F,instances_dense,15,3,D2_FX_010,"[0.01, 0.0, 0.0]",A3BA0282A203FA442EC06EB93BAE6CE2882B91A8173C65CFC41C07D6210D92C8,9BEB75ED8A2BC00840B813DCF17F4613A5630C742DE5A348CB6AFC974CE7DBAC,0C51602C854B52F77A8148A507C260AA2131876F5FA8E31766AF04D1676C254B,True,False,True,False,False,-0.0072508820532211846,-0.01841764215802582,0.011166760104804635,0.030793974035026428,0.060813020008396765,0.689859262176208,10.175084718028979,5.505965605572089,0.6403419046057037,46.04655483867806,35.43384728423519,0.0,2.056,2.064,agent-obstacle,False,True,1.430230000000023,NOMINAL_STRICT_GEOMETRY_FAILURE
confirmation_instances_dense_3_idx16_D2_FX_010,prospective_confirmation,637af3fafd88784de9406921f35ecf92dabb07b0,97440F483FE8928E95F028CB0BF29F296ACF0BC6838060FFEE468CB5D65988CC,5302D13BF36D7CD493D3F19C5A251FD9B72EE231E1D083F41738F93B76495C10,instances_dense,16,3,D2_FX_010,"[0.01, 0.0, 0.0]",A3BA0282A203FA442EC06EB93BAE6CE2882B91A8173C65CFC41C07D6210D92C8,9BEB75ED8A2BC00840B813DCF17F4613A5630C742DE5A348CB6AFC974CE7DBAC,0C51602C854B52F77A8148A507C260AA2131876F5FA8E31766AF04D1676C254B,True,True,True,True,False,0.019075368275726645,-0.00772961795065516,0.026804986226381805,0.029437481098682963,0.043381559681825096,0.4122372159129257,11.663933343979005,5.161311287496988,0.690490328689032,49.93434600824002,22.441057167908518,0.0,1.97,3.868,agent-obstacle,False,True,1.5077872999999897,ELIGIBLE_EXECUTION_UNSAFE
confirmation_instances_dense_3_idx17_D2_FX_010,prospective_confirmation,637af3fafd88784de9406921f35ecf92dabb07b0,97440F483FE8928E95F028CB0BF29F296ACF0BC6838060FFEE468CB5D65988CC,4A9745490636623D5AE861B13FEFF20678F886226D24DA3F7D8F2740D6418A8F,instances_dense,17,3,D2_FX_010,"[0.01, 0.0, 0.0]",A3BA0282A203FA442EC06EB93BAE6CE2882B91A8173C65CFC41C07D6210D92C8,9BEB75ED8A2BC00840B813DCF17F4613A5630C742DE5A348CB6AFC974CE7DBAC,0C51602C854B52F77A8148A507C260AA2131876F5FA8E31766AF04D1676C254B,True,True,True,True,False,0.01341843013661434,-0.003898563045103595,0.017316993181717935,0.028999513678520047,0.03701325156181707,0.3514730221876118,6.4347358261990335,2.5277750175175737,0.5315251805460521,33.26232595310418,15.638292643716676,0.0,2.63,2.068,agent-obstacle,False,True,1.2096295999999995,ELIGIBLE_EXECUTION_UNSAFE
confirmation_instances_dense_3_idx18_D2_FX_010,prospective_confirmation,637af3fafd88784de9406921f35ecf92dabb07b0,97440F483FE8928E95F028CB0BF29F296ACF0BC6838060FFEE468CB5D65988CC,B19D04D622024933F601E239523022E0D35742812AFBC278044EF1C45EB49B70,instances_dense,18,3,D2_FX_010,"[0.01, 0.0, 0.0]",A3BA0282A203FA442EC06EB93BAE6CE2882B91A8173C65CFC41C07D6210D92C8,9BEB75ED8A2BC00840B813DCF17F4613A5630C742DE5A348CB6AFC974CE7DBAC,0C51602C854B52F77A8148A507C260AA2131876F5FA8E31766AF04D1676C254B,True,False,True,False,False,-0.002189972804040728,-0.04199759175715575,0.03980761895311502,0.03067527602802362,0.05704769938685975,0.6618193432031422,12.241572870643925,5.0813481843621355,0.7107181468777785,51.29244415387974,28.605436030847205,0.0,2.202,2.2840000000000003,agent-obstacle,False,True,1.3403611999999896,NOMINAL_STRICT_GEOMETRY_FAILURE
confirmation_instances_dense_3_idx19_D2_FX_010,prospective_confirmation,637af3fafd88784de9406921f35ecf92dabb07b0,97440F483FE8928E95F028CB0BF29F296ACF0BC6838060FFEE468CB5D65988CC,E446B860BD4FC46D8315D56F879CF111D0ABFA0354A0855EBCEAEE32BFCBAB81,instances_dense,19,3,D2_FX_010,"[0.01, 0.0, 0.0]",A3BA0282A203FA442EC06EB93BAE6CE2882B91A8173C65CFC41C07D6210D92C8,9BEB75ED8A2BC00840B813DCF17F4613A5630C742DE5A348CB6AFC974CE7DBAC,0C51602C854B52F77A8148A507C260AA2131876F5FA8E31766AF04D1676C254B,True,True,True,True,False,0.019846987455224743,-0.007244715491463868,0.02709170294668861,0.028705194791325966,0.04116681768711822,0.39523978377717317,6.421490138559211,2.853173743729418,0.5311962793105406,33.208202649850946,16.026845277174882,0.0,0.888,3.09,agent-obstacle,False,True,1.3117508999999927,ELIGIBLE_EXECUTION_UNSAFE
confirmation_instances_dense_3_idx20_D2_FX_010,prospective_confirmation,637af3fafd88784de9406921f35ecf92dabb07b0,97440F483FE8928E95F028CB0BF29F296ACF0BC6838060FFEE468CB5D65988CC,4138A6058E0D741631ED99B9FB5690BB53243CDCA26A699C3FB4B718A0E35BC8,instances_dense,20,3,D2_FX_010,"[0.01, 0.0, 0.0]",A3BA0282A203FA442EC06EB93BAE6CE2882B91A8173C65CFC41C07D6210D92C8,9BEB75ED8A2BC00840B813DCF17F4613A5630C742DE5A348CB6AFC974CE7DBAC,0C51602C854B52F77A8148A507C260AA2131876F5FA8E31766AF04D1676C254B,True,True,True,True,False,0.021231496799031815,-0.00864667083017849,0.029878167629210306,0.029015082453951974,0.04802537219776153,0.4666886212951679,18.13763856084524,4.046134777995372,0.9342222918472335,61.592629837222525,26.22966458900908,0.0,2.876,2.8080000000000003,agent-obstacle,False,True,1.3284567999999979,ELIGIBLE_EXECUTION_UNSAFE
confirmation_instances_dense_3_idx21_D2_FX_010,prospective_confirmation,637af3fafd88784de9406921f35ecf92dabb07b0,97440F483FE8928E95F028CB0BF29F296ACF0BC6838060FFEE468CB5D65988CC,7848BB0EF4B8EE154011FB61673AF75B2D8A12BDD2134D72E17C4C32B9EE6776,instances_dense,21,3,D2_FX_010,"[0.01, 0.0, 0.0]",A3BA0282A203FA442EC06EB93BAE6CE2882B91A8173C65CFC41C07D6210D92C8,9BEB75ED8A2BC00840B813DCF17F4613A5630C742DE5A348CB6AFC974CE7DBAC,0C51602C854B52F77A8148A507C260AA2131876F5FA8E31766AF04D1676C254B,True,True,True,True,False,0.00411573829617308,-0.02396202002703321,0.02807775832320629,0.030268421048710026,0.0518061007805344,0.49014177597043546,11.475023592922582,5.5656649155059,0.6839625526397124,49.472860852727145,33.03623349968866,0.0,1.3960000000000001,1.448,agent-obstacle,False,True,1.3870828000000017,ELIGIBLE_EXECUTION_UNSAFE
confirmation_instances_dense_3_idx22_D2_FX_010,prospective_confirmation,637af3fafd88784de9406921f35ecf92dabb07b0,97440F483FE8928E95F028CB0BF29F296ACF0BC6838060FFEE468CB5D65988CC,51EC7B0CA06BA0F6AD43537B8C8C40BB9E46636C88C03AA3A2DAEB683AB1C3CE,instances_dense,22,3,D2_FX_010,"[0.01, 0.0, 0.0]",A3BA0282A203FA442EC06EB93BAE6CE2882B91A8173C65CFC41C07D6210D92C8,9BEB75ED8A2BC00840B813DCF17F4613A5630C742DE5A348CB6AFC974CE7DBAC,0C51602C854B52F77A8148A507C260AA2131876F5FA8E31766AF04D1676C254B,True,True,True,True,False,0.00036792091971853125,-0.02805841574413391,0.02842633666385244,0.0290079666353153,0.05060919477326024,0.6784876797096258,11.623221759988096,6.486300488574,0.6890797815366324,49.8356317932199,30.127467517720888,0.0,2.416,2.49,agent-obstacle,False,True,1.3898043000000087,ELIGIBLE_EXECUTION_UNSAFE
confirmation_instances_dense_3_idx23_D2_FX_010,prospective_confirmation,637af3fafd88784de9406921f35ecf92dabb07b0,97440F483FE8928E95F028CB0BF29F296ACF0BC6838060FFEE468CB5D65988CC,6CECAC313AE0A9AAB98E917E73C11B52BC17487F59D9E89C44233A67113D7D94,instances_dense,23,3,D2_FX_010,"[0.01, 0.0, 0.0]",A3BA0282A203FA442EC06EB93BAE6CE2882B91A8173C65CFC41C07D6210D92C8,9BEB75ED8A2BC00840B813DCF17F4613A5630C742DE5A348CB6AFC974CE7DBAC,0C51602C854B52F77A8148A507C260AA2131876F5FA8E31766AF04D1676C254B,True,True,True,True,False,0.016686793290790716,-0.0077358033379292535,0.02442259662871997,0.028873902888886166,0.040942705111088946,0.41405600589349933,8.192673639174958,3.31646647638673,0.5790499408639327,39.86643607232495,19.17205923448303,0.0,2.386,1.6320000000000001,agent-obstacle,False,True,1.3672305999999992,ELIGIBLE_EXECUTION_UNSAFE
confirmation_instances_dense_3_idx24_D2_FX_010,prospective_confirmation,637af3fafd88784de9406921f35ecf92dabb07b0,97440F483FE8928E95F028CB0BF29F296ACF0BC6838060FFEE468CB5D65988CC,8BE2EAB1E7F4C70E3E60FC2C7814B2665C1EB49FA8149F5A0EAE5A9E0EBD6034,instances_dense,24,3,D2_FX_010,"[0.01, 0.0, 0.0]",A3BA0282A203FA442EC06EB93BAE6CE2882B91A8173C65CFC41C07D6210D92C8,9BEB75ED8A2BC00840B813DCF17F4613A5630C742DE5A348CB6AFC974CE7DBAC,0C51602C854B52F77A8148A507C260AA2131876F5FA8E31766AF04D1676C254B,True,False,True,False,False,-0.003552879722495489,0.00287903191992768,-0.006431911642423169,0.028358791018547325,0.03991692825367894,0.6431251929880037,12.42505916896064,4.255364525242422,0.7172239340421215,51.707726866222664,26.552446499271312,0.0,2.5100000000000002,2.37,none,False,False,1.457356300000015,NOMINAL_STRICT_GEOMETRY_FAILURE
